Data,WIG20,CMR,PKO,JSW
2013-01-02,2626.21,68.314,33.355,86.123
2013-01-03,2628.36,67.481,33.355,87.761
2013-01-04,2601.73,67.575,32.774,87.215
2013-01-07,2578.48,66.928,32.265,86.851
2013-01-08,2562.63,67.481,31.792,85.121
2013-01-09,2567.59,66.973,32.14,85.303
2013-01-10,2573.62,67.943,32.15,86.032
2013-01-11,2557.93,68.683,32.078,85.941
2013-01-14,2560.14,70.394,32.497,87.579
2013-01-15,2532.42,70.533,32.248,86.442
2013-01-16,2565.15,70.254,32.417,83.392
2013-01-17,2567.16,70.254,32.587,83.301
2013-01-18,2572.14,70.902,32.399,84.439
2013-01-21,2573.67,77.65,31.944,85.395
2013-01-22,2566.6,79.313,31.523,85.212
2013-01-23,2558.39,81.533,31.041,84.939
2013-01-24,2568.63,81.857,31.122,85.44
2013-01-25,2542.32,81.624,30.987,84.666
2013-01-28,2521.5,81.348,31.077,84.029
2013-01-29,2524.36,79.175,31.166,83.301
2013-01-30,2496.15,78.528,30.72,83.938
2013-01-31,2492.76,79.639,30.925,85.576
2013-02-01,2499.19,79.914,30.81,84.894
2013-02-04,2469.73,83.151,30.899,83.21
2013-02-05,2485.25,83.612,30.89,82.845
2013-02-06,2455.47,83.151,30.854,82.117
2013-02-07,2467.45,81.302,31.408,83.482
2013-02-08,2495.42,80.885,31.774,85.03
2013-02-11,2497.88,80.424,31.569,85.486
2013-02-12,2470.48,80.839,31.613,85.531
2013-02-13,2471.21,80.654,31.523,85.622
2013-02-14,2456.36,81.44,31.703,85.758
2013-02-15,2467.63,82.272,31.577,87.579
2013-02-18,2476.01,83.935,31.577,88.854
2013-02-19,2477.19,83.197,31.193,88.626
2013-02-20,2443.16,83.197,30.944,85.121
2013-02-21,2436.47,81.533,30.8,84.985
2013-02-22,2437.24,80.515,30.925,85.212
2013-02-25,2454.92,81.302,31.318,86.487
2013-02-26,2428.57,81.81,31.166,85.212
2013-02-27,2450.36,81.718,31.327,84.803
2013-02-28,2452.01,81.764,31.792,86.487
2013-03-01,2452.86,85.045,31.523,87.306
2013-03-04,2438.97,82.828,30.765,88.171
2013-03-05,2477.68,83.427,31.301,86.259
2013-03-06,2481.36,83.197,31.033,86.032
2013-03-07,2474.7,83.197,30.909,86.168
2013-03-08,2490.7,82.828,30.542,87.943
2013-03-11,2479.2,79.267,31.06,87.852
2013-03-12,2482.39,81.994,30.987,86.578
2013-03-13,2473.95,81.162,31.337,87.215
2013-03-14,2498.84,81.348,31.703,87.215
2013-03-15,2486.3,81.81,31.266,87.852
2013-03-18,2453.9,79.73,31.096,87.534
2013-03-19,2421.94,79.499,30.72,87.215
2013-03-20,2422.61,78.574,30.782,86.533
2013-03-21,2395.82,77.65,30.542,85.804
2013-03-22,2370.02,74.878,30.139,84.757
2013-03-25,2339.48,74.276,30.434,82.845
2013-03-26,2353.41,75.617,30.836,84.21
2013-03-27,2385.27,76.54,31.006,85.03
2013-03-28,2370.07,76.726,30.854,85.03
2013-04-02,2375.67,77.188,30.944,83.756
2013-04-03,2336.45,75.524,30.765,79.932
2013-04-04,2342.64,76.726,30.64,81.207
2013-04-05,2346.37,76.958,31.067,79.659
2013-04-08,2344.72,75.385,30.944,79.659
2013-04-09,2347.1,75.478,31.077,80.432
2013-04-10,2370.51,75.524,30.944,79.204
2013-04-11,2409.02,76.634,31.238,81.207
2013-04-12,2397.08,76.772,30.863,80.66
2013-04-15,2350.08,77.973,30.63,80.478
2013-04-17,2304.59,76.707,30.542,79.614
2013-04-18,2269.22,75.709,29.746,75.562
2013-04-19,2277.71,74.878,30.309,75.335
2013-04-22,2278.07,75.81,29.873,75.198
2013-04-23,2273.47,74.878,29.648,79.113
2013-04-24,2286.71,75.117,29.47,76.473
2013-04-25,2288.09,75.117,29.301,76.846
2013-04-26,2294.06,75.339,29.22,75.981
2013-04-29,2303.18,74.878,29.291,74.652
2013-04-30,2319.15,77.372,29.38,76.015
2013-05-02,2305.9,76.726,29.291,73.741
2013-05-06,2339.22,78.038,29.916,74.379
2013-05-07,2347.82,82.272,30.363,73.741
2013-05-08,2367.91,79.914,30.184,72.103
2013-05-09,2348.95,79.914,29.47,72.194
2013-05-10,2338.16,79.878,29.63,71.738
2013-05-13,2354.34,79.508,30.05,70.828
2013-05-14,2386.81,79.027,30.675,73.186
2013-05-15,2408.86,79.499,31.211,72.831
2013-05-16,2390.32,83.197,30.81,72.694
2013-05-17,2391.07,81.597,30.407,74.078
2013-05-20,2376.78,81.348,30.096,73.513
2013-05-21,2370.32,78.899,30.096,71.01
2013-05-22,2371.95,77.65,30.005,66.095
2013-05-23,2359.42,75.893,30.096,66.54
2013-05-24,2384.58,76.819,30.096,67.004
2013-05-27,2451.06,78.02,30.782,69.189
2013-05-28,2469.37,76.587,30.729,70.009
2013-05-29,2463.37,75.939,30.944,69.735
2013-05-31,2485.5,76.911,31.085,73.043
2013-06-03,2443.65,76.217,30.453,68.807
2013-06-04,2462.92,76.726,31.067,69.662
2013-06-05,2461.51,76.355,30.595,71.192
2013-06-06,2446.29,76.819,30.792,71.42
2013-06-07,2488.84,78.574,32.06,71.92
2013-06-10,2503.41,79.47,32.827,72.74
2013-06-11,2484.11,79.221,32.507,71.92
2013-06-12,2481.6,79.452,32.523,71.602
2013-06-13,2472.75,79.407,33.31,71.192
2013-06-14,2478.43,80.053,32.907,70.928
2013-06-17,2463.37,80.885,32.238,71.829
2013-06-18,2455.15,80.885,32.15,71.374
2013-06-19,2413.4,79.036,32.166,71.192
2013-06-20,2297.91,75.893,30.434,70.1
2013-06-21,2233.64,75.801,30.417,65.456
2013-06-24,2244.27,76.54,30.899,63.636
2013-06-25,2246.69,74.562,31.345,59.63
2013-06-26,2246.66,73.693,31.613,57.172
2013-06-27,2177.02,74.618,31.211,54.623
2013-06-28,2245.64,74.783,31.792,58.383
2013-07-01,2237.25,75.82,30.934,60.085
2013-07-02,2284.76,77.833,31.077,60.708
2013-07-03,2262.92,78.388,30.273,62.469
2013-07-04,2287.54,78.388,31.149,60.358
2013-07-05,2253.49,78.02,30.81,59.539
2013-07-08,2223.28,78.02,30.916,58.72
2013-07-09,2218.77,77.928,30.542,57.366
2013-07-10,2244.63,76.863,31.256,58.802
2013-07-11,2279.09,78.483,31.479,59.967
2013-07-12,2302.81,80.423,32.104,61.371
2013-07-15,2305.78,80.793,32.327,60.832
2013-07-16,2303.05,79.311,32.507,59.724
2013-07-17,2309.79,78.85,32.507,59.269
2013-07-18,2300.33,78.76,32.684,59.868
2013-07-19,2313.31,78.757,32.855,59.667
2013-07-22,2311.49,78.388,33.034,58.815
2013-07-23,2327.28,79.038,33.034,60.083
2013-07-24,2324.17,79.029,32.283,60.263
2013-07-25,2317.8,79.594,32.836,60.311
2013-07-26,2291.1,79.038,32.327,59.903
2013-07-29,2299.26,76.873,32.417,60.585
2013-07-30,2307.79,77.23,32.675,61.532
2013-07-31,2326.59,77.194,33.22,63.425
2013-08-01,2351.14,77.194,34.087,62.573
2013-08-02,2401.85,76.723,34.828,65.176
2013-08-05,2405.73,77.617,34.56,63.898
2013-08-06,2366.74,77.665,33.31,63.851
2013-08-07,2380.01,77.288,33.748,63.283
2013-08-08,2406.4,78.511,34.372,62.857
2013-08-09,2414.28,79.546,34.828,63.378
2013-08-12,2440.05,79.546,34.828,68.158
2013-08-13,2442.3,81.505,34.828,70.051
2013-08-14,2461.22,82.277,35.23,70.761
2013-08-16,2445.6,83.077,34.828,68.925
2013-08-19,2438.83,81.91,34.899,66.738
2013-08-20,2405.32,81.806,34.417,67.212
2013-08-21,2383.15,82.843,33.863,68.158
2013-08-22,2420.68,82.672,34.211,69.105
2013-08-23,2417.23,82.089,34.533,68.064
2013-08-26,2417.91,79.66,34.132,66.312
2013-08-27,2367.63,78.135,33.935,64.845
2013-08-28,2361.85,79.143,34.024,66.076
2013-08-29,2367.84,78.135,33.89,64.627
2013-08-30,2384.22,77.4,34.211,64.305
2013-09-02,2394.9,78.135,34.229,64.93
2013-09-03,2367.49,78.7,33.692,64.845
2013-09-04,2308.44,75.782,33.054,63.87
2013-09-05,2201.5,73.777,31.375,61.532
2013-09-06,2238.98,75.782,31.451,62.668
2013-09-09,2290.86,79.576,32.012,68.158
2013-09-10,2357.25,83.124,32.951,74.311
2013-09-11,2380.01,83.783,33.128,74.51
2013-09-12,2399.23,82.653,33.823,74.785
2013-09-13,2375.44,82.089,33.803,72.749
2013-09-16,2354.66,81.195,33.935,70.051
2013-09-17,2365.36,80.771,34.038,71.566
2013-09-18,2363.78,78.841,34.366,70.998
2013-09-19,2410.92,81.421,34.685,74.217
2013-09-20,2408.16,81.459,33.841,76.678
2013-09-23,2388.66,81.345,33.701,75.637
2013-09-24,2393.06,81.9,33.869,73.838
2013-09-25,2407.12,82.465,34.263,74.122
2013-09-26,2435.83,81.9,35.088,73.791
2013-09-27,2422.46,81.381,34.956,71.85
2013-09-30,2391.53,81.146,34.779,69.341
2013-10-01,2413.17,81.241,34.872,71.386
2013-10-02,2412.37,79.566,35.097,70.856
2013-10-03,2420.17,79.358,35.342,70.051
2013-10-04,2394.59,80.94,35.106,68.632
2013-10-07,2380.18,80.959,34.938,70.051
2013-10-08,2373.23,80.3,35.106,69.247
2013-10-09,2384.3,80.206,35.154,68.348
2013-10-10,2468.7,80.677,36.091,70.809
2013-10-11,2489.64,81.429,36.569,70.373
2013-10-14,2498.77,81.9,36.401,68.641
2013-10-15,2490.34,85.666,36.232,67.969
2013-10-16,2505.2,84.518,36.279,65.934
2013-10-17,2474.92,87.079,35.716,64.372
2013-10-18,2485.13,90.11,36.466,64.892
2013-10-21,2554.61,92.727,37.0,65.839
2013-10-22,2544.45,95.268,36.7,64.514
2013-10-23,2523.32,95.079,36.653,63.633
2013-10-24,2551.43,95.831,37.225,63.993
2013-10-25,2537.62,95.268,37.638,62.952
2013-10-28,2557.77,95.735,38.435,64.75
2013-10-29,2574.6,95.879,38.716,64.75
2013-10-30,2553.51,95.552,38.2,64.173
2013-10-31,2528.97,95.079,38.294,63.094
2013-11-04,2548.15,95.552,38.37,63.207
2013-11-05,2521.41,94.138,38.154,61.721
2013-11-06,2546.67,94.138,38.556,62.384
2013-11-07,2527.66,95.033,38.247,62.289
2013-11-08,2509.11,95.079,37.919,62.346
2013-11-12,2503.6,94.186,37.826,61.588
2013-11-13,2468.82,95.783,37.029,58.881
2013-11-14,2499.23,95.079,37.929,59.638
2013-11-15,2547.01,94.891,38.707,60.055
2013-11-18,2622.25,95.552,39.373,62.715
2013-11-19,2600.66,95.222,38.903,62.166
2013-11-20,2594.99,97.484,38.435,64.315
2013-11-21,2581.98,98.741,38.51,63.245
2013-11-22,2590.48,98.84,38.903,64.656
2013-11-25,2615.22,97.904,39.278,65.318
2013-11-26,2573.49,98.375,38.716,65.224
2013-11-27,2590.3,99.037,39.278,64.343
2013-11-28,2572.72,99.037,38.903,63.397
2013-11-29,2584.68,98.84,38.576,62.611
2013-12-02,2535.69,98.375,37.872,60.585
2013-12-03,2507.92,94.563,37.31,58.966
2013-12-04,2497.76,94.985,36.963,58.228
2013-12-05,2478.1,94.138,36.532,57.508
2013-12-06,2479.16,94.656,37.216,58.976
2013-12-09,2478.77,95.175,37.216,58.976
2013-12-10,2474.62,92.256,37.029,58.218
2013-12-11,2470.2,89.893,37.638,56.988
2013-12-12,2440.61,88.726,37.497,57.622
2013-12-13,2429.67,85.694,36.803,57.272
2013-12-16,2433.47,85.666,37.029,56.846
2013-12-17,2392.26,85.666,36.222,55.36
2013-12-18,2398.49,89.337,36.757,54.432
2013-12-19,2378.23,91.315,36.84,52.946
2013-12-20,2408.84,91.03,37.684,51.119
2013-12-23,2414.19,91.784,37.179,51.317
2013-12-27,2404.35,86.664,37.029,51.204
2013-12-30,2400.98,91.315,36.953,50.295
2014-01-02,2430.72,91.03,37.075,50.693
2014-01-03,2405.22,89.423,36.503,51.166
2014-01-07,2349.6,87.079,35.95,49.973
2014-01-08,2363.38,87.079,35.997,50.077
2014-01-09,2325.54,82.653,35.613,47.578
2014-01-10,2327.89,78.229,35.913,46.764
2014-01-13,2363.88,80.018,36.232,47.569
2014-01-14,2377.55,78.464,37.169,48.023
2014-01-15,2396.68,79.546,38.247,49.036
2014-01-16,2401.87,81.421,38.22,48.941
2014-01-17,2376.28,80.959,37.646,47.332
2014-01-20,2379.22,80.488,38.426,46.84
2014-01-21,2411.26,80.009,38.8,47.332
2014-01-22,2432.78,79.076,39.278,47.635
2014-01-23,2406.37,78.144,39.373,46.859
2014-01-24,2347.44,77.204,37.966,44.492
2014-01-27,2318.06,75.782,37.59,42.618
2014-01-28,2333.83,75.782,38.106,43.546
2014-01-29,2313.34,74.004,37.638,42.694
2014-01-30,2335.89,81.9,37.872,43.735
2014-01-31,2355.89,79.161,38.247,43.735
2014-02-03,2369.57,80.206,38.06,43.801
2014-02-04,2353.8,79.566,38.012,43.271
2014-02-05,2359.0,79.546,38.435,44.984
2014-02-06,2419.47,78.917,39.344,46.404
2014-02-07,2420.94,78.445,39.373,48.326
2014-02-10,2411.36,77.156,39.026,47.266
2014-02-11,2443.71,78.69,39.7,47.521
2014-02-12,2482.58,79.736,40.534,49.036
2014-02-13,2489.67,80.018,40.59,49.718
2014-02-14,2482.75,79.546,40.581,49.699
2014-02-17,2481.23,78.605,40.488,51.119
2014-02-18,2470.87,80.018,40.224,50.267
2014-02-19,2486.13,80.018,40.31,50.172
2014-02-20,2462.84,78.323,39.944,49.538
2014-02-21,2487.72,78.135,40.45,49.746
2014-02-24,2526.9,79.076,41.004,50.077
2014-02-25,2507.06,78.464,41.06,49.888
2014-02-26,2478.38,75.451,41.247,49.225
2014-02-27,2467.9,75.451,40.975,49.225
2014-02-28,2518.53,77.665,41.387,48.752
2014-03-03,2389.89,73.795,39.466,46.385
2014-03-04,2442.92,76.251,40.31,48.099
2014-03-05,2445.41,78.135,40.074,48.279
2014-03-06,2460.03,80.488,40.31,47.654
2014-03-07,2435.15,83.124,39.84,47.805
2014-03-10,2396.97,82.851,39.373,46.575
2014-03-11,2401.03,86.042,38.997,44.019
2014-03-12,2369.49,83.501,38.8,42.599
2014-03-13,2339.37,85.299,37.872,40.753
2014-03-14,2341.98,81.25,37.684,39.664
2014-03-17,2394.84,80.112,38.247,41.558
2014-03-18,2379.45,80.018,37.966,42.315
2014-03-19,2360.77,79.264,38.134,41.756
2014-03-20,2374.37,79.736,38.444,41.274
2014-03-21,2365.96,80.949,38.481,41.747
2014-03-24,2361.78,80.959,38.21,41.084
2014-03-25,2401.61,82.795,38.481,40.232
2014-03-26,2424.59,82.653,38.903,40.904
2014-03-27,2421.79,81.289,38.95,40.8
2014-03-28,2433.74,81.429,39.269,41.643
2014-03-31,2462.47,82.795,39.822,43.375
2014-04-01,2462.77,81.299,39.513,43.924
2014-04-02,2473.45,82.598,40.074,44.303
2014-04-03,2449.49,81.9,39.747,43.659
2014-04-04,2471.5,81.626,39.84,44.483
2014-04-07,2453.35,80.969,39.559,45.297
2014-04-08,2465.54,82.277,40.169,45.202
2014-04-09,2461.76,81.241,40.206,43.564
2014-04-10,2470.81,81.92,40.066,43.498
2014-04-11,2464.12,80.488,39.84,41.643
2014-04-14,2440.65,80.591,39.653,42.599
2014-04-15,2407.32,80.866,38.819,41.747
2014-04-16,2395.55,80.959,38.81,41.586
2014-04-17,2433.91,80.498,39.373,41.378
2014-04-22,2459.3,80.959,39.84,41.179
2014-04-23,2453.48,80.667,39.888,40.469
2014-04-24,2447.34,82.277,39.447,40.242
2014-04-25,2429.8,82.37,38.67,39.2
2014-04-28,2438.23,81.91,38.622,40.384
2014-04-29,2451.35,82.729,39.184,40.753
2014-04-30,2439.09,82.38,38.903,39.38
2014-05-02,2432.06,81.9,38.622,39.532
2014-05-05,2405.87,81.91,38.191,39.286
2014-05-06,2389.3,82.277,37.779,39.929
2014-05-07,2389.43,82.286,37.797,40.516
2014-05-08,2403.89,81.994,37.966,40.867
2014-05-09,2387.81,77.853,37.919,39.759
2014-05-12,2412.71,79.546,37.966,40.194
2014-05-13,2413.23,78.144,37.76,41.756
2014-05-14,2421.49,80.009,37.732,40.743
2014-05-15,2395.56,78.605,37.404,43.072
2014-05-16,2392.89,80.018,36.373,43.621
2014-05-19,2400.11,79.961,36.559,43.64
2014-05-20,2410.16,81.289,36.737,43.546
2014-05-21,2415.23,81.299,37.497,43.83
2014-05-22,2464.43,82.184,38.716,44.019
2014-05-23,2465.52,80.959,38.481,44.255
2014-05-26,2471.98,80.018,38.716,44.255
2014-05-27,2464.15,81.599,38.866,43.356
2014-05-28,2448.33,82.37,38.707,43.64
2014-05-29,2465.3,82.843,38.903,44.823
2014-05-30,2429.51,82.795,38.06,44.435
2014-06-02,2440.24,84.254,37.863,44.492
2014-06-03,2446.42,85.195,37.029,43.356
2014-06-04,2462.12,82.362,37.91,43.46
2014-06-05,2480.85,84.705,37.704,43.915
2014-06-06,2498.7,83.379,38.247,44.009
2014-06-09,2480.62,81.929,37.769,43.29
2014-06-10,2499.32,81.9,38.106,43.83
2014-06-11,2487.51,81.806,37.966,43.877
2014-06-12,2476.39,81.525,38.05,43.735
2014-06-13,2471.82,81.665,37.59,43.631
2014-06-16,2447.01,80.158,37.59,43.224
2014-06-17,2464.39,81.9,37.516,43.546
2014-06-18,2462.36,81.9,37.123,44.511
2014-06-20,2462.13,78.558,36.635,44.492
2014-06-23,2475.89,79.981,37.123,47.323
2014-06-24,2459.77,79.877,36.935,46.755
2014-06-25,2421.1,79.076,36.326,44.568
2014-06-26,2402.82,78.116,35.81,43.83
2014-06-27,2399.63,79.076,35.36,44.161
2014-06-30,2408.81,80.177,35.342,44.492
2014-07-01,2404.83,80.168,35.763,44.35
2014-07-02,2381.06,78.154,35.256,44.123
2014-07-03,2375.52,77.665,35.622,43.593
2014-07-04,2363.0,78.135,35.266,42.22
2014-07-07,2378.88,76.251,36.176,40.232
2014-07-08,2360.91,75.311,35.576,40.412
2014-07-09,2343.39,73.899,35.012,40.232
2014-07-10,2341.18,73.994,35.322,40.232
2014-07-11,2372.05,74.369,35.81,40.971
2014-07-14,2380.36,76.723,36.091,41.274
2014-07-15,2388.34,76.241,36.063,40.611
2014-07-16,2397.0,74.566,36.016,40.251
2014-07-17,2403.13,74.369,36.373,40.516
2014-07-18,2393.95,74.369,36.326,40.819
2014-07-21,2390.31,73.899,35.893,40.8
2014-07-22,2411.61,72.59,36.043,41.151
2014-07-23,2402.93,74.369,35.706,40.867
2014-07-24,2409.2,74.332,35.67,40.961
2014-07-25,2406.32,73.437,35.903,40.99
2014-07-28,2399.93,74.181,35.069,40.706
2014-07-29,2390.99,75.812,35.106,40.365
2014-07-30,2346.51,73.509,34.423,39.096
2014-07-31,2320.85,72.262,33.372,39.333
2014-08-01,2341.91,72.262,34.029,39.049
2014-08-04,2361.56,75.025,34.123,39.967
2014-08-05,2369.33,75.333,34.854,38.803
2014-08-06,2362.27,76.724,34.947,36.768
2014-08-07,2332.73,74.259,34.329,34.363
2014-08-08,2315.65,74.671,34.489,34.089
2014-08-11,2351.98,75.812,34.779,35.423
2014-08-12,2349.48,74.325,34.656,35.026
2014-08-13,2381.74,75.812,35.388,35.026
2014-08-14,2415.76,75.803,36.129,34.325
2014-08-18,2448.73,73.893,36.84,34.363
2014-08-19,2447.99,73.797,36.935,32.735
2014-08-20,2451.06,72.886,36.644,31.58
2014-08-21,2449.87,71.495,36.419,31.75
2014-08-22,2439.03,72.405,36.373,30.198
2014-08-25,2449.8,71.973,36.559,28.901
2014-08-26,2468.76,72.262,36.84,31.145
2014-08-27,2467.29,72.694,36.7,31.996
2014-08-28,2421.4,72.645,36.091,31.712
2014-08-29,2416.97,75.812,35.857,31.694
2014-09-01,2443.14,78.691,36.091,31.836
2014-09-02,2463.1,80.755,36.185,31.807
2014-09-03,2513.96,82.529,36.859,32.186
2014-09-04,2538.15,82.626,37.506,31.23
2014-09-05,2541.42,84.258,37.74,31.239
2014-09-08,2551.47,84.449,37.863,30.359
2014-09-09,2542.88,84.929,37.497,29.819
2014-09-10,2536.44,87.06,37.404,29.052
2014-09-11,2501.58,88.009,36.907,28.371
2014-09-12,2497.38,94.046,36.85,28.825
2014-09-15,2489.77,92.857,37.31,29.412
2014-09-16,2498.48,94.467,37.921,29.242
2014-09-17,2515.27,91.744,37.969,29.592
2014-09-18,2503.16,92.127,37.453,29.564
2014-09-19,2539.6,92.117,38.169,30.643
2014-09-22,2515.79,91.994,37.663,30.302
2014-09-23,2485.29,91.964,36.621,29.355
2014-09-24,2475.05,91.445,36.402,29.63
2014-09-25,2469.68,91.167,36.44,28.92
2014-09-26,2484.02,92.127,37.129,29.507
2014-09-29,2485.51,92.127,37.816,30.567
2014-09-30,2500.29,92.414,37.892,30.482
2014-10-01,2462.6,92.127,37.405,31.438
2014-10-02,2434.37,91.744,36.784,30.728
2014-10-03,2444.06,91.924,36.832,30.7
2014-10-06,2446.89,92.414,36.402,30.728
2014-10-07,2436.39,92.127,36.393,30.435
2014-10-08,2410.88,92.127,35.838,29.914
2014-10-09,2424.95,92.127,34.931,30.293
2014-10-10,2392.62,92.127,34.635,29.346
2014-10-13,2394.22,92.127,34.396,29.071
2014-10-14,2402.9,92.127,34.539,29.346
2014-10-15,2381.76,92.127,34.386,28.352
2014-10-16,2382.72,92.03,34.635,26.979
2014-10-17,2401.13,92.079,34.959,26.496
2014-10-20,2386.61,92.079,34.425,26.364
2014-10-21,2423.29,91.839,35.351,27.642
2014-10-22,2429.1,91.83,35.208,27.235
2014-10-23,2433.84,92.607,34.969,27.632
2014-10-24,2426.2,92.597,34.969,27.036
2014-10-27,2437.72,92.597,35.351,27.718
2014-10-28,2456.73,91.177,35.81,27.86
2014-10-29,2449.49,91.167,35.447,27.737
2014-10-30,2441.71,91.167,35.657,27.5
2014-10-31,2463.68,91.628,35.781,27.405
2014-11-03,2462.51,90.207,35.991,25.673
2014-11-04,2462.33,91.167,35.714,25.474
2014-11-05,2441.56,90.619,35.944,25.086
2014-11-06,2435.48,94.037,35.456,24.726
2014-11-07,2417.45,91.954,34.711,22.341
2014-11-10,2407.05,90.917,34.682,21.839
2014-11-12,2402.02,92.607,34.492,23.193
2014-11-13,2393.36,91.378,34.682,23.259
2014-11-14,2418.4,91.378,35.734,21.915
2014-11-17,2418.78,102.1,35.581,21.697
2014-11-18,2431.23,104.12,35.972,21.773
2014-11-19,2421.67,103.98,35.685,21.243
2014-11-20,2396.52,103.64,35.008,20.163
2014-11-21,2418.26,106.96,35.255,20.163
2014-11-24,2410.65,107.72,35.428,20.069
2014-11-25,2410.27,109.41,35.055,19.984
2014-11-26,2420.66,111.13,35.447,19.984
2014-11-27,2428.35,109.97,35.714,19.832
2014-11-28,2416.93,109.31,35.877,19.785
2014-12-01,2417.11,110.27,35.972,19.122
2014-12-02,2446.32,109.31,36.45,19.501
2014-12-03,2445.4,107.47,36.402,18.933
2014-12-04,2417.21,109.16,35.944,18.923
2014-12-05,2438.42,108.82,36.02,19.046
2014-12-08,2431.89,106.05,35.924,19.974
2014-12-09,2398.03,102.2,35.953,20.003
2014-12-10,2371.43,99.037,35.304,19.188
2014-12-11,2379.6,99.037,35.208,18.336
2014-12-12,2360.0,103.64,34.788,18.318
2014-12-15,2321.57,105.95,34.443,17.428
2014-12-16,2271.27,106.71,33.813,16.841
2014-12-17,2288.7,108.43,34.099,16.434
2014-12-18,2330.83,105.57,34.205,16.188
2014-12-19,2310.88,107.47,33.746,16.472
2014-12-22,2321.83,107.1,33.823,15.998
2014-12-23,2323.04,106.52,33.803,15.941
2014-12-29,2302.59,110.73,33.631,15.383
2014-12-30,2315.94,110.83,34.166,15.856
2015-01-02,2309.39,110.07,34.137,15.781
2015-01-05,2264.75,111.23,33.507,16.093
2015-01-07,2307.46,109.41,33.631,19.122
2015-01-08,2361.48,112.75,34.949,20.211
2015-01-09,2337.21,114.0,34.539,19.87
2015-01-12,2330.04,110.37,34.568,19.548
2015-01-13,2367.65,109.49,35.255,19.633
2015-01-14,2336.66,109.26,34.739,18.412
2015-01-15,2265.21,107.2,32.475,19.444
2015-01-16,2252.33,104.6,31.529,20.201
2015-01-19,2255.12,101.73,31.635,20.495
2015-01-20,2242.42,99.037,30.727,19.974
2015-01-21,2287.86,99.037,31.692,19.775
2015-01-22,2319.45,101.59,31.864,20.211
2015-01-23,2319.59,105.57,31.529,19.311
2015-01-26,2307.29,103.84,30.956,18.942
2015-01-27,2309.86,101.44,30.994,18.507
2015-01-28,2319.18,101.14,32.59,17.702
2015-01-29,2340.77,99.99,32.771,18.308
2015-01-30,2341.0,101.91,32.81,20.069
2015-02-02,2330.14,100.77,32.8,19.548
2015-02-03,2335.42,100.33,32.151,21.394
2015-02-04,2341.68,100.77,32.399,21.773
2015-02-05,2341.58,104.6,32.246,22.189
2015-02-06,2354.47,107.34,31.921,21.195
2015-02-09,2339.79,107.87,31.816,20.741
2015-02-10,2340.12,112.19,31.529,19.614
2015-02-11,2323.5,113.18,30.956,19.293
2015-02-12,2338.37,113.05,31.08,20.069
2015-02-13,2346.95,112.75,31.29,22.009
2015-02-16,2362.0,108.48,31.816,24.575
2015-02-17,2360.31,108.43,31.586,23.571
2015-02-18,2346.71,103.64,31.195,22.899
2015-02-19,2348.06,105.57,31.186,21.848
2015-02-20,2348.94,103.35,30.956,20.883
2015-02-23,2365.58,102.2,31.348,22.35
2015-02-24,2363.61,103.84,31.845,21.792
2015-02-25,2354.65,106.32,31.376,21.441
2015-02-26,2361.01,107.47,31.147,21.205
2015-02-27,2367.1,111.7,31.147,20.826
2015-03-02,2358.25,112.75,31.09,20.353
2015-03-03,2323.09,121.02,30.765,18.933
2015-03-04,2338.0,120.06,31.825,18.46
2015-03-05,2355.75,120.35,32.819,18.071
2015-03-06,2345.93,119.96,32.475,18.052
2015-03-09,2344.12,119.37,32.485,17.608
2015-03-10,2312.96,118.99,32.312,17.418
2015-03-11,2325.12,119.09,32.675,18.762
2015-03-12,2329.81,119.09,32.963,18.554
2015-03-13,2303.4,118.91,32.724,18.403
2015-03-16,2311.04,118.95,33.24,18.46
2015-03-17,2330.39,117.17,33.297,18.299
2015-03-18,2344.36,118.52,33.25,17.996
2015-03-19,2384.78,118.03,33.966,18.706
2015-03-20,2407.7,119.76,34.157,18.176
2015-03-23,2414.39,116.6,33.851,18.052
2015-03-24,2412.32,117.31,33.297,17.551
2015-03-25,2395.4,117.03,32.532,17.248
2015-03-26,2376.39,116.27,32.074,16.898
2015-03-27,2373.18,116.27,32.122,17.049
2015-03-30,2396.44,115.25,32.055,16.935
2015-03-31,2395.94,114.44,32.485,16.358
2015-04-01,2392.7,116.7,32.361,16.898
2015-04-02,2400.65,116.79,32.475,16.945
2015-04-07,2420.78,117.56,32.667,16.86
2015-04-08,2424.82,118.99,32.657,16.055
2015-04-09,2441.89,118.03,32.675,16.169
2015-04-10,2443.62,118.91,32.475,15.979
2015-04-13,2442.47,121.12,32.752,15.695
2015-04-14,2434.89,122.31,32.609,15.695
2015-04-15,2475.33,120.11,33.87,15.563
2015-04-16,2503.65,119.96,34.52,15.534
2015-04-17,2463.96,120.87,34.396,15.194
2015-04-20,2505.34,122.84,34.892,15.146
2015-04-21,2509.5,125.71,34.663,15.572
2015-04-22,2520.38,126.67,34.635,15.336
2015-04-23,2522.78,125.71,34.405,15.241
2015-04-24,2519.2,126.19,34.329,14.957
2015-04-27,2549.4,126.44,34.157,15.373
2015-04-28,2548.98,121.21,34.586,15.023
2015-04-29,2521.57,128.0,34.51,14.569
2015-04-30,2514.63,128.6,34.492,13.584
2015-05-04,2523.09,128.6,34.959,13.802
2015-05-05,2507.95,128.4,34.845,13.546
2015-05-06,2524.54,128.55,35.59,13.556
2015-05-07,2522.61,128.1,35.609,13.31
2015-05-08,2546.78,128.6,36.02,13.49
2015-05-11,2535.1,130.31,35.59,13.565
2015-05-12,2542.65,129.45,35.924,13.461
2015-05-13,2540.26,127.59,34.07,14.342
2015-05-14,2513.58,125.61,33.917,14.275
2015-05-15,2514.84,126.19,33.631,14.417
2015-05-18,2523.59,136.27,33.823,14.389
2015-05-19,2523.35,133.78,33.488,14.947
2015-05-20,2521.07,129.12,33.67,15.695
2015-05-21,2524.83,131.43,34.157,15.515
2015-05-22,2516.76,132.43,34.061,15.307
2015-05-25,2473.17,130.51,32.485,15.563
2015-05-26,2448.81,129.5,31.586,15.525
2015-05-27,2460.74,129.08,31.529,15.667
2015-05-28,2441.15,129.55,31.367,14.72
2015-05-29,2437.81,129.55,31.223,14.086
2015-06-01,2437.09,130.51,31.625,14.256
2015-06-02,2408.73,130.51,31.529,13.84
2015-06-03,2388.93,129.45,31.195,13.083
2015-06-05,2365.58,128.64,30.937,12.799
2015-06-08,2354.26,126.19,31.042,12.022
2015-06-09,2338.65,124.37,31.013,11.89
2015-06-10,2384.49,128.1,32.016,12.013
2015-06-11,2383.87,127.15,31.692,12.126
2015-06-12,2358.73,128.4,31.28,11.786
2015-06-15,2358.03,131.19,30.956,12.221
2015-06-16,2356.77,130.51,30.478,11.956
2015-06-17,2321.39,129.55,29.724,11.738
2015-06-18,2334.36,130.51,29.618,11.123
2015-06-19,2299.35,130.55,29.58,10.498
2015-06-22,2350.09,134.11,30.401,10.877
2015-06-23,2341.26,133.88,30.201,11.076
2015-06-24,2348.97,131.94,30.574,10.839
2015-06-25,2354.74,130.04,30.803,11.076
2015-06-26,2333.82,129.94,30.096,11.17
2015-06-29,2291.23,128.6,29.379,11.133
2015-06-30,2317.84,128.6,29.733,11.237
2015-07-01,2293.03,128.6,29.37,11.36
2015-07-02,2294.37,127.15,28.902,11.407
2015-07-03,2278.17,127.1,28.663,11.35
2015-07-06,2272.09,127.45,28.854,12.117
2015-07-07,2218.64,126.96,28.309,11.312
2015-07-08,2216.39,125.71,28.568,11.36
2015-07-09,2230.65,128.1,28.998,11.284
2015-07-10,2270.84,126.34,29.638,11.36
2015-07-13,2269.0,127.45,29.465,11.341
2015-07-14,2259.98,126.67,29.265,11.35
2015-07-15,2257.62,125.95,29.628,11.322
2015-07-16,2298.54,126.63,29.924,11.35
2015-07-17,2285.03,127.59,29.523,11.379
2015-07-20,2244.63,125.76,28.568,11.341
2015-07-21,2249.67,125.1,28.701,11.284
2015-07-22,2185.83,124.52,27.526,11.038
2015-07-23,2200.84,122.36,28.147,11.208
2015-07-24,2187.67,121.45,27.393,11.265
2015-07-27,2189.08,120.62,27.201,11.199
2015-07-28,2194.24,123.51,27.707,11.275
2015-07-29,2212.02,123.46,27.679,11.275
2015-07-30,2188.92,125.71,27.603,11.284
2015-07-31,2227.51,127.64,27.917,11.218
2015-08-03,2230.28,129.55,28.376,11.066
2015-08-04,2227.98,130.22,27.909,11.0
2015-08-05,2258.62,130.7,28.462,11.237
2015-08-06,2196.22,129.74,26.379,11.028
2015-08-07,2196.78,127.64,25.796,11.133
2015-08-10,2222.25,126.67,26.943,11.454
2015-08-11,2219.57,125.61,26.838,11.861
2015-08-12,2200.08,125.3,26.733,11.682
2015-08-13,2224.74,124.95,27.469,12.022
2015-08-14,2198.22,124.04,26.704,11.833
2015-08-17,2174.11,123.36,26.657,11.928
2015-08-18,2169.59,121.21,26.475,11.842
2015-08-19,2192.14,120.92,27.373,11.748
2015-08-20,2200.86,120.44,27.469,11.871
2015-08-21,2179.73,120.16,27.344,11.833
2015-08-24,2056.38,112.29,25.988,10.612
2015-08-25,2070.56,114.15,26.447,10.12
2015-08-26,2074.49,113.23,26.886,9.4664
2015-08-27,2117.83,109.59,27.564,10.034
2015-08-28,2145.12,112.29,28.205,10.792
2015-08-31,2163.71,123.31,28.415,11.587
2015-09-01,2115.75,120.92,27.517,11.275
2015-09-02,2107.58,120.92,27.469,11.161
2015-09-03,2155.07,121.12,28.577,11.36
2015-09-04,2146.47,121.87,28.099,11.199
2015-09-07,2132.36,119.47,27.87,10.12
2015-09-08,2135.15,118.03,27.756,10.015
2015-09-09,2142.53,118.03,27.373,10.186
2015-09-10,2184.96,118.52,28.223,10.281
2015-09-11,2185.46,117.75,28.72,10.281
2015-09-14,2183.05,118.22,28.223,10.943
2015-09-15,2185.88,119.96,28.376,10.517
2015-09-16,2181.8,119.47,28.711,13.442
2015-09-17,2199.46,118.03,29.141,14.427
2015-09-18,2168.19,120.92,28.816,13.073
2015-09-21,2178.27,120.92,28.625,12.657
2015-09-22,2137.88,119.96,27.975,12.732
2015-09-23,2106.8,120.92,27.88,12.638
2015-09-24,2082.95,119.09,27.517,12.846
2015-09-25,2091.73,116.4,27.756,12.874
2015-09-28,2059.41,115.2,27.287,12.051
2015-09-29,2043.0,118.99,27.364,11.454
2015-09-30,2066.37,119.14,28.119,10.792
2015-10-01,2049.93,121.87,27.956,10.896
2015-10-02,2036.32,122.26,27.784,10.792
2015-10-05,2088.27,124.75,28.568,11.729
2015-10-06,2102.87,126.49,28.701,11.36
2015-10-07,2110.39,125.71,29.236,11.502
2015-10-08,2126.48,119.27,29.905,11.54
2015-10-09,2143.28,118.03,29.905,12.089
2015-10-12,2133.56,117.21,29.714,12.022
2015-10-13,2123.43,114.69,29.599,11.663
2015-10-14,2118.97,115.63,29.667,11.596
2015-10-15,2136.42,116.4,29.37,11.786
2015-10-16,2121.94,119.66,28.816,11.738
2015-10-19,2111.04,118.03,28.568,11.729
2015-10-20,2116.81,116.27,28.806,12.003
2015-10-21,2105.65,115.5,29.428,11.975
2015-10-22,2106.27,115.63,28.949,12.268
2015-10-23,2107.43,115.35,28.759,12.827
2015-10-26,2110.74,115.2,28.156,12.505
2015-10-27,2113.06,115.25,28.568,12.628
2015-10-28,2105.63,115.78,28.319,12.666
2015-10-29,2059.34,113.38,27.756,12.685
2015-10-30,2060.03,113.68,27.364,12.524
2015-11-02,2077.09,112.43,27.698,12.534
2015-11-03,2061.38,117.08,27.249,12.524
2015-11-04,2063.08,119.47,27.173,12.543
2015-11-05,2041.24,118.52,27.001,12.259
2015-11-06,2019.78,118.99,27.087,11.966
2015-11-09,2012.97,118.99,26.37,12.022
2015-11-10,2021.92,118.99,26.418,12.306
2015-11-12,2013.67,120.92,26.667,12.117
2015-11-13,1978.87,122.36,26.198,12.022
2015-11-16,1971.43,122.84,25.988,11.767
2015-11-17,2007.62,114.2,26.341,11.738
2015-11-18,2023.98,114.2,26.924,11.748
2015-11-19,2009.73,112.29,26.571,11.975
2015-11-20,2021.99,111.8,26.638,11.88
2015-11-23,1982.57,111.32,26.322,11.833
2015-11-24,1943.99,112.09,25.472,11.587
2015-11-25,1943.3,112.29,25.729,11.606
2015-11-26,1963.89,113.05,25.796,11.833
2015-11-27,1936.05,111.32,25.386,12.051
2015-11-30,1925.72,109.41,25.749,11.918
2015-12-01,1923.94,108.53,25.988,12.032
2015-12-02,1886.5,107.47,25.042,11.861
2015-12-03,1867.96,104.6,24.383,11.767
2015-12-04,1868.24,102.2,24.669,11.502
2015-12-07,1864.92,105.57,25.032,11.35
2015-12-08,1814.88,106.47,24.784,10.404
2015-12-09,1773.21,111.13,23.991,9.94
2015-12-10,1798.86,110.83,24.621,10.262
2015-12-11,1757.37,108.48,24.287,9.949
2015-12-14,1754.74,105.57,24.258,10.044
2015-12-15,1771.99,105.08,24.669,9.845
2015-12-16,1803.68,104.6,25.109,9.94
2015-12-17,1840.57,107.47,25.796,9.94
2015-12-18,1858.87,106.42,26.093,9.93
2015-12-21,1866.19,109.41,26.217,10.271
2015-12-22,1873.78,109.41,26.217,10.337
2015-12-23,1879.75,108.67,25.949,10.148
2015-12-28,1876.33,109.41,26.169,9.94
2015-12-29,1893.32,109.41,26.408,9.94
2015-12-30,1859.15,109.45,26.112,10.082
2016-01-04,1804.42,107.57,25.338,9.826
2016-01-05,1792.01,109.11,25.003,9.892
2016-01-07,1745.46,106.32,24.546,9.798
2016-01-08,1725.14,105.57,23.934,9.656
2016-01-11,1703.78,102.29,22.835,8.728
2016-01-12,1750.51,103.17,23.695,8.302
2016-01-13,1772.48,106.32,23.857,8.321
2016-01-14,1776.96,109.02,23.886,8.5198
2016-01-15,1734.87,104.65,22.892,9.173
2016-01-18,1679.22,99.53,21.621,8.8038
2016-01-19,1692.52,102.97,21.507,8.4724
2016-01-20,1674.57,99.99,21.803,8.5198
2016-01-21,1683.81,102.24,22.07,8.6144
2016-01-22,1727.22,101.73,22.825,8.9174
2016-01-25,1729.62,99.99,22.338,8.9458
2016-01-26,1713.36,103.64,22.07,8.8038
2016-01-27,1728.84,103.59,22.453,8.4724
2016-01-28,1755.39,102.2,23.159,8.605
2016-01-29,1780.25,102.68,23.551,8.3304
2016-02-01,1777.54,102.44,23.733,8.4914
2016-02-02,1731.64,110.37,22.319,8.4062
2016-02-03,1739.08,111.18,22.329,8.4914
2016-02-04,1788.65,111.51,23.179,8.728
2016-02-05,1790.87,108.43,23.084,9.987
2016-02-08,1769.71,109.88,22.739,10.744
2016-02-09,1767.45,110.51,22.644,9.93
2016-02-10,1760.99,110.37,22.663,9.741
2016-02-11,1758.93,110.37,22.921,9.864
2016-02-12,1765.53,111.18,23.542,10.849
2016-02-15,1787.98,112.14,23.953,11.028
2016-02-16,1783.93,110.37,23.675,10.659
2016-02-17,1847.95,111.32,24.526,10.896
2016-02-18,1853.76,111.27,24.44,10.432
2016-02-19,1841.06,110.32,23.991,10.224
2016-02-22,1859.73,111.7,24.173,10.356
2016-02-23,1844.96,110.37,23.857,10.186
2016-02-24,1818.37,111.32,23.227,10.129
2016-02-25,1838.17,110.78,23.704,10.271
2016-02-26,1844.57,110.83,23.752,10.148
2016-02-29,1824.08,111.32,23.341,9.75
2016-03-01,1825.07,125.66,23.743,9.845
2016-03-02,1825.15,120.44,24.01,9.987
2016-03-03,1877.15,121.35,24.45,11.331
2016-03-04,1873.51,121.58,24.64,11.028
2016-03-07,1895.41,125.25,24.841,11.71
2016-03-08,1876.49,123.36,24.526,11.596
2016-03-09,1878.59,121.87,24.917,11.549
2016-03-10,1887.31,122.26,25.223,11.416
2016-03-11,1910.87,128.6,26.112,11.511
2016-03-14,1913.83,131.81,26.016,11.577
2016-03-15,1906.08,130.51,25.949,11.549
2016-03-16,1905.69,127.2,25.768,11.625
2016-03-17,1944.21,129.55,25.988,11.729
2016-03-18,1961.97,127.3,26.188,11.625
2016-03-21,1952.63,126.19,25.911,12.212
2016-03-22,1962.98,121.21,25.902,12.439
2016-03-23,1935.61,123.56,25.156,12.079
2016-03-24,1936.19,125.71,25.08,11.88
2016-03-29,1953.84,124.75,25.156,11.833
2016-03-30,1999.93,123.56,26.159,12.59
2016-03-31,1997.69,122.84,26.561,13.054
2016-04-01,1973.24,125.71,26.198,12.666
2016-04-04,1986.14,126.96,26.227,12.751
2016-04-05,1933.84,127.64,25.272,12.496
2016-04-06,1919.59,127.2,25.185,12.07
2016-04-07,1905.1,127.55,25.099,12.079
2016-04-08,1919.42,128.6,25.692,11.984
2016-04-11,1914.22,130.7,25.128,12.25
2016-04-12,1907.72,130.51,24.698,13.31
2016-04-13,1944.36,135.46,25.099,14.067
2016-04-14,1951.75,136.75,25.156,14.72
2016-04-15,1939.95,136.56,24.889,14.768
2016-04-18,1946.34,134.06,24.899,16.017
2016-04-19,1964.84,136.61,25.109,16.566
2016-04-20,1962.88,139.15,24.603,16.642
2016-04-21,1950.38,137.48,24.173,16.424
2016-04-22,1943.03,139.05,24.402,16.5
2016-04-25,1925.34,141.07,24.077,17.655
2016-04-26,1916.35,136.27,23.685,16.954
2016-04-27,1892.48,134.53,23.294,17.248
2016-04-28,1897.98,133.97,23.227,17.712
2016-04-29,1896.64,134.35,23.37,18.602
2016-05-02,1899.72,133.4,23.341,19.577
2016-05-04,1865.25,133.92,23.169,19.122
2016-05-05,1837.71,133.4,22.892,18.744
2016-05-06,1852.71,134.26,23.59,18.999
2016-05-09,1848.45,133.97,23.208,18.885
2016-05-10,1825.17,133.68,22.405,16.396
2016-05-11,1818.02,134.58,22.29,16.358
2016-05-12,1816.09,136.61,22.119,15.231
2016-05-13,1815.38,136.27,22.529,16.32
2016-05-16,1853.78,135.31,23.265,16.945
2016-05-17,1846.5,134.35,23.131,16.282
2016-05-18,1841.84,132.71,22.959,14.152
2016-05-19,1799.9,129.94,22.29,13.944
2016-05-20,1806.38,129.94,22.462,14.455
2016-05-23,1818.97,128.6,23.131,14.645
2016-05-24,1831.15,126.87,23.408,14.342
2016-05-25,1849.27,129.26,23.628,14.379
2016-05-27,1839.22,129.12,23.695,14.389
2016-05-30,1841.79,135.94,23.828,13.272
2016-05-31,1808.24,133.63,23.657,13.064
2016-06-01,1759.49,131.47,22.931,12.145
2016-06-02,1762.28,131.47,22.94,12.41
2016-06-03,1793.43,135.31,22.902,13.622
2016-06-06,1797.27,131.57,22.892,14.086
2016-06-07,1832.79,132.38,23.265,14.635
2016-06-08,1843.85,132.34,23.322,15.146
2016-06-09,1814.14,131.57,22.978,15.099
2016-06-10,1782.02,134.35,22.433,15.033
2016-06-13,1780.01,130.51,22.453,15.43
2016-06-14,1762.61,130.51,22.692,15.336
2016-06-15,1772.91,130.7,22.931,15.288
2016-06-16,1733.48,130.51,22.644,14.768
2016-06-17,1754.45,131.24,22.749,15.61
2016-06-20,1793.83,130.55,23.122,16.093
2016-06-21,1802.61,130.51,23.867,15.809
2016-06-22,1823.03,130.8,24.134,16.093
2016-06-23,1853.71,135.21,24.889,16.756
2016-06-24,1769.67,132.43,23.58,16.093
2016-06-27,1732.19,134.83,21.994,15.762
2016-06-28,1751.81,132.81,22.635,16.992
2016-06-29,1756.2,135.31,22.462,17.598
2016-06-30,1750.69,140.1,22.242,16.235
2016-07-01,1744.56,140.06,22.262,17.276
2016-07-04,1724.5,138.24,21.679,18.043
2016-07-05,1715.95,137.71,21.774,17.759
2016-07-06,1689.92,139.15,21.354,17.21
2016-07-07,1713.51,137.76,21.64,17.854
2016-07-08,1705.43,138.2,21.736,17.371
2016-07-11,1745.43,138.2,22.453,17.466
2016-07-12,1754.38,139.83,22.147,17.835
2016-07-13,1744.15,140.06,22.032,17.636
2016-07-14,1745.34,144.53,22.5,17.92
2016-07-15,1759.41,145.82,22.701,18.45
2016-07-18,1788.12,143.9,23.084,18.081
2016-07-19,1792.47,144.71,23.274,17.702
2016-07-20,1800.41,142.94,23.389,17.977
2016-07-21,1803.68,141.79,23.361,20.211
2016-07-22,1792.97,142.79,23.188,20.968
2016-07-25,1814.75,142.42,23.542,21.583
2016-07-26,1803.96,142.74,23.016,21.773
2016-07-27,1797.63,143.95,23.122,22.246
2016-07-28,1788.51,144.58,23.437,23.666
2016-07-29,1759.74,143.95,22.739,23.666
2016-08-01,1762.12,145.87,22.739,23.676
2016-08-02,1803.63,149.8,25.128,23.193
2016-08-03,1790.09,150.67,25.663,23.761
2016-08-04,1820.24,150.67,26.179,23.761
2016-08-05,1825.45,152.38,26.322,23.609
2016-08-08,1837.05,155.46,26.007,24.329
2016-08-09,1847.15,158.3,26.035,28.295
2016-08-10,1852.54,157.39,26.074,28.768
2016-08-11,1864.7,158.34,26.37,28.305
2016-08-12,1857.7,159.31,26.245,28.589
2016-08-16,1846.86,163.14,25.845,28.219
2016-08-17,1824.4,165.35,25.586,28.068
2016-08-18,1821.01,166.03,25.032,26.033
2016-08-19,1800.17,166.03,24.707,27.453
2016-08-22,1800.34,167.94,24.841,27.216
2016-08-23,1790.6,170.71,24.65,28.608
2016-08-24,1786.32,171.73,24.774,28.768
2016-08-25,1781.68,171.73,24.793,28.03
2016-08-26,1775.9,171.59,24.841,28.39
2016-08-29,1777.35,170.43,24.889,30.009
2016-08-30,1798.23,171.73,25.482,36.834
2016-08-31,1793.56,171.87,25.386,36.692
2016-09-01,1761.68,163.14,25.205,35.12
2016-09-02,1767.55,162.22,25.128,37.515
2016-09-05,1788.02,167.94,25.156,45.117
2016-09-06,1790.83,171.3,25.5,44.407
2016-09-07,1810.02,172.73,26.657,42.41
2016-09-08,1793.48,173.7,26.007,44.199
2016-09-09,1754.12,171.82,25.472,44.492
2016-09-12,1731.37,174.99,25.042,42.978
2016-09-13,1727.69,171.78,24.956,43.546
2016-09-14,1736.68,172.73,25.653,48.62
2016-09-15,1745.97,173.7,25.796,48.847
2016-09-16,1734.26,172.73,25.72,49.86
2016-09-19,1749.78,175.61,25.796,49.699
2016-09-20,1755.59,175.61,25.796,51.119
2016-09-21,1758.47,169.86,25.682,53.618
2016-09-22,1776.22,179.39,26.532,54.905
2016-09-23,1762.48,178.49,26.026,53.883
2016-09-26,1740.05,180.41,25.682,52.018
2016-09-27,1732.81,182.24,25.472,50.172
2016-09-28,1734.59,181.9,25.329,50.598
2016-09-29,1730.45,174.66,25.205,51.497
2016-09-30,1709.51,181.9,24.946,49.973
2016-10-03,1725.44,182.34,24.707,50.645
2016-10-04,1754.04,180.41,25.166,53.722
2016-10-05,1762.23,181.9,25.472,52.823
2016-10-06,1761.9,177.54,25.309,53.201
2016-10-07,1751.72,181.85,24.889,51.706
2016-10-10,1765.95,181.37,24.966,52.87
2016-10-11,1757.04,181.37,25.013,59.165
2016-10-12,1760.43,177.54,24.956,61.437
2016-10-13,1727.55,179.12,24.087,62.497
2016-10-14,1719.64,177.54,24.191,63.898
2016-10-17,1714.2,181.37,24.23,65.328
2016-10-18,1721.21,177.04,24.43,67.306
2016-10-19,1744.53,176.59,24.564,68.253
2016-10-20,1748.99,176.44,24.411,67.827
2016-10-21,1752.25,176.44,24.793,65.214
2016-10-24,1782.79,172.73,25.415,65.318
2016-10-25,1785.59,170.61,25.892,62.952
2016-10-26,1779.73,172.21,25.272,66.265
2016-10-27,1795.33,168.41,25.701,67.685
2016-10-28,1817.79,164.09,26.37,68.527
2016-10-31,1814.66,165.06,26.255,68.821
2016-11-02,1765.62,158.34,25.357,66.814
2016-11-03,1767.37,153.16,25.433,66.606
2016-11-04,1758.22,149.62,25.51,64.561
2016-11-07,1761.79,156.41,25.338,67.212
2016-11-08,1783.22,158.34,25.749,69.105
2016-11-09,1790.66,156.41,25.959,69.105
2016-11-10,1796.75,161.23,25.606,73.838
2016-11-14,1753.86,165.21,25.329,73.62
2016-11-15,1754.02,163.14,25.415,75.712
2016-11-16,1758.54,167.36,25.205,77.871
2016-11-17,1742.39,167.94,24.66,77.625
2016-11-18,1725.74,167.94,24.22,78.761
2016-11-21,1756.35,171.55,24.402,78.098
2016-11-22,1775.66,170.81,24.478,77.615
2016-11-23,1796.63,169.86,24.603,78.571
2016-11-24,1807.27,167.94,24.736,78.164
2016-11-25,1796.3,169.66,24.603,80.465
2016-11-28,1776.3,168.9,24.297,82.831
2016-11-29,1780.04,166.2,24.277,76.602
2016-11-30,1798.22,165.11,24.421,78.363
2016-12-01,1783.94,166.03,24.077,79.518
2016-12-02,1783.57,165.98,24.679,80.275
2016-12-05,1845.66,165.98,25.625,79.13
2016-12-06,1876.56,163.14,25.988,74.785
2016-12-07,1889.51,160.26,26.695,67.723
2016-12-08,1921.08,161.23,26.943,70.383
2016-12-09,1899.76,166.45,26.084,69.105
2016-12-12,1882.58,163.19,25.749,72.844
2016-12-13,1919.49,165.83,26.657,72.607
2016-12-14,1934.87,165.73,26.905,69.531
2016-12-15,1911.16,165.54,26.58,66.71
2016-12-16,1918.54,165.44,26.561,67.268
2016-12-19,1924.67,164.77,26.704,65.318
2016-12-20,1940.46,163.14,26.733,69.105
2016-12-21,1927.9,163.63,26.379,67.505
2016-12-22,1943.73,163.14,27.038,67.212
2016-12-23,1933.6,166.45,26.895,66.644
2016-12-27,1936.72,166.03,26.743,64.75
2016-12-28,1932.75,163.14,26.657,64.608
2016-12-29,1946.32,163.14,26.733,64.561
2016-12-30,1947.92,166.98,26.886,63.33
2017-01-02,1956.72,166.98,26.991,60.49
2017-01-03,1989.64,167.94,28.5,56.997
2017-01-04,1999.93,167.89,29.045,59.638
2017-01-05,1998.76,166.98,28.949,59.638
2017-01-09,2009.19,163.14,29.141,63.15
2017-01-10,2023.64,162.94,28.949,65.697
2017-01-11,2030.64,163.14,29.428,67.865
2017-01-12,2022.95,164.09,28.749,67.098
2017-01-13,2015.89,164.39,28.539,67.41
2017-01-16,2025.25,165.06,28.625,66.606
2017-01-17,2015.28,164.97,28.137,63.378
2017-01-18,2005.65,165.06,28.195,63.444
2017-01-19,2015.47,165.54,28.663,65.271
2017-01-20,2006.01,166.03,28.549,62.857
2017-01-23,1991.36,169.76,27.946,61.39
2017-01-24,2013.17,170.35,28.491,61.532
2017-01-25,2079.15,174.19,30.087,65.886
2017-01-26,2080.4,172.51,30.211,67.59
2017-01-27,2084.05,172.06,29.724,65.602
2017-01-30,2051.49,171.78,29.275,63.425
2017-01-31,2056.83,172.83,29.304,63.406
2017-02-01,2079.1,176.34,29.762,65.981
2017-02-02,2065.14,177.04,29.236,66.255
2017-02-03,2076.12,172.73,29.714,65.413
2017-02-06,2089.61,166.98,30.287,64.561
2017-02-07,2086.54,169.19,29.905,63.586
2017-02-08,2083.65,177.39,29.762,64.769
2017-02-09,2132.4,187.13,30.823,64.561
2017-02-10,2154.79,191.93,31.816,63.614
2017-02-13,2179.66,197.4,32.007,64.75
2017-02-14,2173.76,200.08,32.007,65.224
2017-02-15,2184.33,202.96,33.038,64.977
2017-02-16,2215.36,204.41,33.383,66.237
2017-02-17,2188.3,201.52,32.599,64.722
2017-02-20,2192.79,201.67,32.379,65.517
2017-02-21,2248.52,202.96,33.526,68.49
2017-02-22,2251.02,202.07,33.87,69.815
2017-02-23,2256.01,202.15,33.401,68.726
2017-02-24,2212.04,197.69,32.408,67.78
2017-02-27,2210.26,197.17,32.151,66.634
2017-02-28,2191.25,196.53,31.796,65.981
2017-03-01,2253.96,198.66,33.823,69.54
2017-03-02,2254.51,215.78,33.813,70.998
2017-03-03,2232.98,219.75,33.058,69.578
2017-03-06,2217.41,218.8,32.724,67.685
2017-03-07,2200.98,218.32,31.864,65.517
2017-03-08,2213.24,215.87,31.319,69.001
2017-03-09,2189.66,211.12,31.386,66.738
2017-03-10,2200.03,214.58,31.214,67.685
2017-03-13,2242.55,214.97,31.959,70.042
2017-03-14,2238.38,220.81,31.625,69.853
2017-03-15,2229.87,227.93,31.07,68.821
2017-03-16,2283.7,226.86,32.045,70.43
2017-03-17,2296.97,224.13,32.188,67.723
2017-03-20,2281.45,225.43,31.739,69.076
2017-03-21,2252.57,224.55,31.931,66.568
2017-03-22,2223.84,223.55,30.975,64.703
2017-03-23,2235.33,217.84,31.195,66.17
2017-03-24,2234.82,216.74,31.796,65.053
2017-03-27,2201.88,220.71,31.433,61.428
2017-03-28,2225.41,219.71,31.653,61.522
2017-03-29,2214.45,219.75,31.529,62.005
2017-03-30,2209.1,214.01,31.004,58.928
2017-03-31,2175.96,223.12,30.631,59.449
2017-04-03,2219.88,222.64,31.529,64.94
2017-04-04,2239.3,218.8,32.055,67.145
2017-04-05,2253.64,215.92,32.294,69.947
2017-04-06,2254.47,215.92,32.475,70.951
2017-04-07,2248.33,215.92,31.912,70.998
2017-04-10,2244.02,220.62,31.711,71.471
2017-04-11,2221.82,214.92,31.433,68.442
2017-04-12,2214.06,212.99,30.574,65.716
2017-04-13,2233.63,215.35,30.536,66.322
2017-04-18,2237.36,219.61,30.765,64.561
2017-04-19,2274.69,217.64,31.73,66.606
2017-04-20,2285.82,216.74,31.711,66.833
2017-04-21,2264.07,219.75,31.195,67.448
2017-04-24,2296.9,222.15,31.702,68.035
2017-04-25,2353.17,225.03,32.647,68.158
2017-04-26,2383.97,225.03,33.469,68.111
2017-04-27,2382.78,222.64,34.243,69.673
2017-04-28,2376.87,225.43,33.717,74.122
2017-05-02,2392.09,224.55,33.976,74.785
2017-05-04,2381.0,229.35,34.873,71.386
2017-05-05,2382.17,229.3,34.912,71.093
2017-05-08,2374.23,225.03,34.109,70.619
2017-05-09,2413.53,228.22,35.628,73.601
2017-05-10,2380.25,228.12,34.453,75.381
2017-05-11,2364.93,224.55,33.832,72.56
2017-05-12,2368.5,222.64,34.195,71.131
2017-05-15,2377.15,218.8,34.205,72.409
2017-05-16,2340.34,217.56,33.823,73.355
2017-05-17,2302.21,213.04,33.287,70.818
2017-05-18,2295.14,214.87,33.01,69.635
2017-05-19,2328.7,215.44,33.01,68.802
2017-05-22,2343.13,211.12,33.87,68.934
2017-05-23,2307.84,201.52,33.038,69.105
2017-05-24,2324.99,202.07,34.558,70.572
2017-05-25,2358.41,206.23,34.443,71.178
2017-05-26,2326.28,211.08,34.492,68.045
2017-05-29,2323.58,219.75,34.129,66.946
2017-05-30,2292.27,215.35,33.66,65.129
2017-05-31,2281.18,211.12,34.883,63.321
2017-06-01,2278.26,214.01,33.689,65.508
2017-06-02,2303.21,214.92,34.176,63.718
2017-06-05,2276.01,213.04,34.061,64.362
2017-06-06,2303.68,211.12,34.339,66.265
2017-06-07,2308.64,206.33,34.348,65.934
2017-06-08,2340.23,201.62,34.959,65.848
2017-06-09,2330.72,205.22,34.252,66.454
2017-06-12,2295.01,205.36,33.182,64.097
2017-06-13,2302.41,206.28,33.832,64.163
2017-06-14,2295.99,205.32,33.097,64.57
2017-06-16,2304.5,204.88,33.536,65.328
2017-06-19,2334.27,204.83,34.233,66.729
2017-06-20,2302.83,202.96,33.01,64.987
2017-06-21,2319.13,204.41,33.001,66.928
2017-06-22,2308.16,203.92,32.848,66.587
2017-06-23,2304.48,203.92,32.485,66.653
2017-06-26,2337.69,205.36,33.307,67.685
2017-06-27,2345.05,205.36,33.201,69.597
2017-06-28,2327.68,205.27,33.087,69.181
2017-06-29,2329.26,204.88,33.287,70.212
2017-06-30,2299.8,204.7,32.924,70.023
2017-07-03,2323.74,204.79,33.889,70.799
2017-07-04,2294.27,202.2,32.963,70.051
2017-07-05,2307.49,204.88,32.981,69.095
2017-07-06,2300.74,202.11,33.45,70.023
2017-07-07,2295.82,200.08,33.22,69.578
2017-07-10,2300.66,201.52,33.106,68.84
2017-07-11,2297.73,199.76,33.154,69.01
2017-07-12,2341.54,200.86,33.536,70.421
2017-07-13,2350.83,199.62,33.25,70.051
2017-07-14,2350.43,197.69,33.297,70.051
2017-07-17,2372.17,198.66,34.09,72.248
2017-07-18,2360.75,198.46,34.013,73.251
2017-07-19,2374.31,200.56,34.405,72.314
2017-07-20,2358.5,200.51,34.252,73.346
2017-07-21,2343.1,199.52,34.205,73.071
2017-07-24,2334.69,195.77,34.492,75.447
2017-07-25,2341.36,199.62,34.492,79.518
2017-07-26,2360.26,196.29,34.682,80.465
2017-07-27,2350.91,192.89,34.778,79.565
2017-07-28,2360.42,198.21,35.093,77.076
2017-07-31,2374.17,196.75,35.189,78.363
2017-08-01,2386.4,196.9,35.618,80.465
2017-08-02,2366.06,194.29,34.386,80.465
2017-08-03,2365.48,193.37,33.927,80.37
2017-08-04,2380.16,193.37,34.252,80.133
2017-08-07,2388.21,186.61,34.51,82.358
2017-08-08,2425.02,188.54,35.284,85.624
2017-08-09,2408.11,190.37,35.093,87.091
2017-08-10,2382.67,193.37,34.3,84.961
2017-08-11,2371.72,192.22,34.272,84.459
2017-08-14,2376.66,193.37,34.386,85.662
2017-08-16,2381.18,193.37,33.966,86.144
2017-08-17,2353.18,205.95,33.65,86.428
2017-08-18,2359.87,202.08,33.546,86.059
2017-08-21,2377.28,198.11,33.813,88.322
2017-08-22,2387.24,198.21,33.44,90.243
2017-08-23,2391.06,199.07,33.526,93.168
2017-08-24,2456.27,199.12,34.195,95.137
2017-08-25,2471.74,197.2,34.386,98.877
2017-08-28,2531.31,194.53,35.169,96.415
2017-08-29,2497.58,190.47,34.462,94.664
2017-08-30,2524.57,185.06,35.255,99.161
2017-08-31,2516.26,188.54,35.045,98.451
2017-09-01,2527.62,174.04,35.255,99.397
2017-09-04,2519.42,172.55,34.883,98.451
2017-09-05,2517.45,173.36,34.883,97.835
2017-09-06,2512.4,173.84,34.682,99.397
2017-09-07,2491.79,173.06,34.205,101.24
2017-09-08,2483.58,172.1,34.147,97.977
2017-09-11,2513.44,171.13,33.927,98.498
2017-09-12,2505.88,172.0,33.354,99.303
2017-09-13,2500.16,165.77,33.297,99.397
2017-09-14,2507.43,164.32,33.717,98.356
2017-09-15,2498.32,163.21,33.201,98.451
2017-09-18,2501.75,163.21,33.679,94.096
2017-09-19,2502.81,162.28,34.157,93.718
2017-09-20,2499.63,161.47,33.909,96.557
2017-09-21,2468.72,162.43,34.09,93.339
2017-09-22,2480.73,164.37,34.07,89.363
2017-09-25,2453.15,167.36,33.774,86.438
2017-09-26,2443.34,170.94,33.44,86.769
2017-09-27,2433.82,169.98,33.058,88.322
2017-09-28,2427.04,172.1,33.097,90.878
2017-09-29,2453.46,172.59,33.756,91.323
2017-10-02,2469.58,168.24,33.832,94.096
2017-10-03,2469.51,168.14,33.727,92.648
2017-10-04,2444.19,167.66,33.631,88.53
2017-10-05,2463.45,164.37,33.698,89.931
2017-10-06,2479.46,164.85,33.134,90.168
2017-10-09,2499.35,166.19,33.421,94.569
2017-10-10,2516.49,164.32,34.319,93.064
2017-10-11,2551.78,166.49,34.978,96.084
2017-10-12,2537.69,168.86,35.198,95.327
2017-10-13,2528.16,169.21,34.959,95.232
2017-10-16,2534.52,167.26,34.835,94.853
2017-10-17,2514.36,167.26,35.16,94.475
2017-10-18,2502.34,166.29,34.873,94.191
2017-10-19,2467.49,167.26,35.724,94.191
2017-10-20,2465.51,171.13,35.494,96.084
2017-10-23,2473.42,171.13,35.036,94.901
2017-10-24,2448.45,169.58,34.5,91.919
2017-10-25,2449.89,164.37,34.959,93.481
2017-10-26,2456.17,164.46,34.549,92.108
2017-10-27,2488.5,162.43,35.218,92.487
2017-10-30,2517.03,164.37,36.689,93.339
2017-10-31,2524.9,155.28,37.023,92.676
2017-11-02,2501.4,158.08,36.115,94.655
2017-11-03,2494.52,160.5,36.316,92.676
2017-11-06,2515.34,158.08,37.31,92.099
2017-11-07,2536.37,161.23,38.122,92.061
2017-11-08,2513.34,158.08,38.026,90.878
2017-11-09,2478.21,158.66,37.119,88.274
2017-11-10,2457.62,158.47,37.042,91.162
2017-11-13,2454.6,158.51,37.998,91.824
2017-11-14,2464.35,156.88,38.275,91.919
2017-11-15,2418.96,157.59,37.835,88.568
2017-11-16,2411.11,156.63,38.218,88.511
2017-11-17,2443.83,161.37,38.953,86.135
2017-11-20,2468.09,161.28,39.411,88.132
2017-11-21,2489.08,161.23,39.593,90.205
2017-11-22,2489.5,160.98,39.976,89.316
2017-11-23,2503.93,163.79,40.319,87.508
2017-11-24,2479.25,172.4,40.129,88.341
2017-11-27,2497.15,171.13,40.606,87.233
2017-11-28,2485.71,171.62,40.988,85.34
2017-11-29,2436.24,173.06,40.129,85.576
2017-11-30,2408.69,173.94,40.415,84.639
2017-12-01,2389.92,172.1,40.1,85.614
2017-12-04,2404.15,174.04,39.756,90.802
2017-12-05,2407.72,175.88,39.756,88.303
2017-12-06,2394.67,175.0,38.791,86.4
2017-12-07,2393.34,175.48,39.431,84.923
2017-12-08,2408.83,175.0,40.1,85.217
2017-12-11,2386.93,174.14,40.147,86.608
2017-12-12,2413.68,179.39,40.386,87.356
2017-12-13,2409.46,181.29,40.453,87.848
2017-12-14,2434.61,179.29,41.084,91.351
2017-12-15,2416.95,176.93,41.322,91.72
2017-12-18,2466.08,178.78,41.524,93.244
2017-12-19,2455.99,177.9,41.275,91.171
2017-12-20,2459.33,178.19,41.982,91.247
2017-12-21,2463.59,174.52,41.848,90.859
2017-12-22,2445.65,180.04,41.322,89.931
2017-12-27,2480.63,181.76,42.326,89.836
2017-12-28,2480.25,182.54,42.737,91.625
2017-12-29,2461.21,183.7,42.335,91.133
2018-01-03,2463.25,185.16,41.408,94.191
2018-01-04,2533.17,190.47,42.087,99.87
2018-01-05,2529.55,188.54,42.297,98.687
2018-01-08,2548.61,188.54,43.08,98.877
2018-01-09,2528.38,188.54,43.043,100.15
2018-01-10,2511.27,184.18,42.756,98.924
2018-01-11,2534.56,183.23,43.472,99.019
2018-01-12,2539.29,182.74,43.463,101.57
2018-01-15,2542.65,182.74,43.472,102.38
2018-01-16,2591.1,184.67,44.389,102.24
2018-01-17,2600.37,184.18,44.285,100.34
2018-01-18,2591.22,185.64,44.428,98.924
2018-01-19,2601.82,185.64,44.198,99.397
2018-01-22,2620.87,183.7,44.342,99.303
2018-01-23,2630.37,188.05,44.838,94.759
2018-01-24,2621.59,182.26,45.47,94.191
2018-01-25,2589.3,185.16,44.361,93.831
2018-01-26,2600.48,183.7,43.855,94.267
2018-01-29,2593.4,185.64,43.902,95.611
2018-01-30,2566.14,181.76,44.016,95.232
2018-01-31,2553.81,178.88,43.625,91.938
2018-02-01,2534.21,171.13,43.033,94.096
2018-02-02,2507.24,173.06,42.994,94.285
2018-02-05,2505.98,165.82,42.708,95.8
2018-02-06,2412.03,164.85,41.246,91.824
2018-02-07,2441.67,165.34,42.221,94.995
2018-02-08,2406.48,163.4,40.959,97.977
2018-02-09,2382.79,162.92,40.73,93.509
2018-02-12,2414.41,161.95,41.456,94.664
2018-02-13,2431.67,166.79,41.361,95.611
2018-02-14,2449.79,169.21,41.437,94.664
2018-02-15,2423.57,174.04,41.132,91.919
2018-02-16,2406.96,175.0,40.09,94.475
2018-02-19,2408.49,175.0,40.864,94.38
2018-02-20,2413.23,174.04,41.084,94.002
2018-02-21,2405.47,170.18,40.988,93.926
2018-02-22,2410.69,171.62,42.058,95.137
2018-02-23,2406.11,167.76,41.829,92.619
2018-02-26,2408.63,169.21,42.039,93.49
2018-02-27,2421.51,167.26,42.144,90.215
2018-02-28,2364.32,165.82,41.151,87.28
2018-03-01,2334.96,166.79,40.51,88.511
2018-03-02,2314.23,149.86,40.319,87.848
2018-03-05,2330.1,144.55,41.342,87.659
2018-03-06,2339.51,145.02,40.692,92.43
2018-03-07,2359.57,142.14,40.969,96.179
2018-03-08,2322.09,140.19,38.838,93.528
2018-03-09,2354.54,141.65,39.374,93.755
2018-03-12,2378.72,141.16,40.406,92.676
2018-03-13,2353.02,136.32,39.89,92.941
2018-03-14,2335.97,135.36,40.071,90.65
2018-03-15,2321.87,134.39,38.981,89.742
2018-03-16,2285.08,137.3,38.447,88.738
2018-03-19,2248.53,140.19,38.218,87.091
2018-03-20,2272.09,138.75,39.536,88.53
2018-03-21,2320.77,135.36,40.606,90.215
2018-03-22,2274.1,134.39,39.068,89.155
2018-03-23,2257.22,132.46,38.867,87.091
2018-03-26,2240.65,135.36,38.695,82.566
2018-03-27,2246.32,138.27,38.791,80.465
2018-03-28,2203.7,133.44,38.074,75.258
2018-03-29,2210.38,131.02,38.638,76.754
2018-04-03,2239.15,126.66,38.59,80.938
2018-04-04,2200.99,129.56,37.558,78.742
2018-04-05,2243.58,127.14,37.969,82.15
2018-04-06,2258.8,124.73,37.606,80.862
2018-04-09,2262.16,128.6,37.931,80.578
2018-04-10,2274.81,130.52,38.036,80.237
2018-04-11,2271.93,128.6,38.208,81.884
2018-04-12,2306.44,125.69,39.411,82.452
2018-04-13,2310.32,130.52,39.411,83.38
2018-04-16,2300.2,131.49,39.03,84.1
2018-04-17,2307.95,135.36,39.813,82.945
2018-04-18,2315.5,139.23,39.794,83.437
2018-04-19,2324.73,135.36,39.766,82.15
2018-04-20,2298.2,137.78,39.02,83.475
2018-04-23,2291.59,141.16,39.421,82.49
2018-04-24,2269.06,141.16,39.326,82.055
2018-04-25,2257.0,141.16,39.068,78.193
2018-04-26,2283.15,141.16,40.042,78.761
2018-04-27,2276.41,143.1,39.564,79.045
2018-04-30,2291.87,140.19,39.976,78.401
2018-05-02,2291.92,144.55,40.205,76.167
2018-05-04,2233.35,145.02,38.819,74.236
2018-05-07,2214.36,143.58,38.141,75.75
2018-05-08,2236.4,140.19,39.526,75.088
2018-05-09,2281.12,145.02,40.176,77.738
2018-05-10,2302.71,144.55,40.166,79.65
2018-05-11,2329.36,145.02,40.529,79.48
2018-05-14,2321.09,147.93,40.549,78.571
2018-05-15,2276.45,144.55,39.689,76.508
2018-05-16,2275.91,145.02,39.335,79.669
2018-05-17,2255.78,146.49,38.695,83.494
2018-05-18,2230.32,146.0,38.858,80.427
2018-05-21,2268.39,144.55,39.603,81.79
2018-05-22,2248.71,145.02,39.344,82.547
2018-05-23,2209.32,145.02,38.456,78.193
2018-05-24,2213.26,145.02,37.195,78.477
2018-05-25,2213.24,145.02,37.596,78.571
2018-05-28,2217.87,145.02,37.195,79.934
2018-05-29,2191.95,145.02,37.357,79.669
2018-05-30,2157.07,145.02,35.867,78.969
2018-06-01,2190.26,145.02,36.307,79.385
2018-06-04,2210.1,142.14,36.985,79.991
2018-06-05,2255.95,140.19,37.492,82.036
2018-06-06,2256.67,141.16,37.348,84.952
2018-06-07,2270.75,142.14,38.265,86.05
2018-06-08,2250.06,139.72,37.739,86.144
2018-06-11,2234.52,139.23,37.921,85.804
2018-06-12,2252.39,138.75,38.351,84.327
2018-06-13,2238.94,138.75,38.294,84.005
2018-06-14,2238.39,138.75,38.218,83.304
2018-06-15,2203.01,138.27,37.405,81.979
2018-06-18,2150.98,136.32,36.134,77.53
2018-06-19,2120.75,139.23,36.01,75.637
2018-06-20,2154.18,138.27,36.707,76.867
2018-06-21,2150.91,138.75,36.173,75.466
2018-06-22,2162.88,138.27,36.211,75.826
2018-06-25,2155.9,138.27,36.058,75.088
2018-06-26,2153.4,139.72,35.944,73.914
2018-06-27,2143.25,141.16,35.59,74.482
2018-06-28,2098.75,145.02,34.539,72.248
2018-06-29,2135.47,145.02,35.342,72.607
2018-07-02,2119.31,146.96,35.16,71.661
2018-07-03,2160.24,149.38,36.402,73.365
2018-07-04,2182.51,152.77,36.689,73.459
2018-07-05,2156.59,152.28,36.45,72.74
2018-07-06,2152.06,151.8,36.497,70.714
2018-07-09,2151.7,151.8,36.23,70.089
2018-07-10,2177.67,153.25,37.07,73.781
2018-07-11,2154.28,149.86,37.042,71.604
2018-07-12,2161.2,149.86,37.539,70.809
2018-07-13,2157.14,152.77,36.679,70.695
2018-07-16,2133.98,151.8,35.887,71.471
2018-07-17,2153.21,152.28,35.734,71.377
2018-07-18,2149.12,152.77,35.485,72.02
2018-07-19,2146.82,151.8,36.03,69.692
2018-07-20,2182.92,152.77,37.157,70.619
2018-07-23,2204.53,152.77,37.749,70.771
2018-07-24,2244.27,158.08,38.953,73.081
2018-07-25,2260.7,160.5,38.743,74.406
2018-07-26,2304.67,164.85,39.44,75.485
2018-07-27,2290.77,171.13,39.402,76.318
2018-07-30,2327.77,171.13,40.004,76.167
2018-07-31,2302.13,169.21,39.841,74.69
2018-08-01,2315.48,166.29,40.129,75.258
2018-08-02,2283.94,167.26,39.966,73.649
2018-08-03,2286.92,165.82,39.603,72.891
2018-08-06,2295.82,165.34,40.243,74.709
2018-08-07,2304.11,163.4,40.185,74.633
2018-08-08,2307.12,163.4,38.897,73.819
2018-08-09,2324.73,158.52,39.788,73.857
2018-08-10,2247.15,159.98,38.345,72.986
2018-08-13,2260.88,159.51,38.578,71.699
2018-08-14,2272.73,160.96,38.162,74.273
2018-08-16,2262.1,160.96,39.023,71.187
2018-08-17,2217.74,160.96,37.9,70.525
2018-08-20,2236.08,160.47,38.549,71.282
2018-08-21,2281.02,155.11,39.788,71.358
2018-08-22,2295.63,156.08,40.311,71.623
2018-08-23,2322.86,155.59,41.124,71.699
2018-08-24,2312.7,154.63,40.921,70.051
2018-08-27,2369.97,155.11,41.869,76.583
2018-08-28,2390.42,155.11,42.295,74.879
2018-08-29,2380.68,155.59,41.288,74.785
2018-08-30,2353.92,153.16,41.143,73.895
2018-08-31,2337.96,143.89,40.853,72.891
2018-09-03,2355.67,151.2,41.376,72.418
2018-09-04,2321.24,154.63,40.562,72.57
2018-09-05,2295.51,150.23,40.078,70.43
2018-09-06,2293.01,146.82,40.369,69.862
2018-09-07,2257.3,147.79,39.769,64.599
2018-09-10,2270.83,149.25,40.466,59.638
2018-09-11,2248.35,151.69,39.71,62.914
2018-09-12,2210.16,156.08,38.316,64.58
2018-09-13,2233.46,156.08,38.684,65.034
2018-09-14,2232.07,158.52,39.207,64.504
2018-09-17,2210.99,159.51,38.587,62.592
2018-09-18,2231.04,159.98,39.304,62.857
2018-09-19,2259.1,161.94,40.756,63.217
2018-09-20,2258.63,161.94,40.524,64.807
2018-09-21,2257.47,165.84,40.175,65.053
2018-09-24,2280.6,165.84,40.165,64.675
2018-09-25,2290.19,164.86,41.182,64.239
2018-09-26,2304.45,164.38,41.569,64.959
2018-09-27,2315.07,162.92,41.656,64.807
2018-09-28,2285.11,162.92,41.53,62.668
2018-10-01,2284.01,164.38,40.853,64.088
2018-10-02,2280.04,165.84,40.853,64.372
2018-10-03,2298.2,163.89,41.192,66.246
2018-10-04,2275.65,165.36,41.046,63.311
2018-10-05,2264.2,165.36,40.708,63.614
2018-10-08,2224.13,164.86,40.253,62.062
2018-10-09,2251.32,164.86,40.804,62.27
2018-10-10,2197.34,160.96,39.13,63.387
2018-10-11,2159.88,165.36,38.365,61.721
2018-10-12,2186.62,160.96,38.326,62.762
2018-10-15,2170.05,158.52,37.271,62.952
2018-10-16,2216.8,157.55,38.394,64.599
2018-10-17,2199.53,161.45,38.781,67.003
2018-10-18,2188.1,160.47,38.994,66.322
2018-10-19,2196.99,163.89,39.42,67.193
2018-10-22,2193.08,161.45,38.723,68.045
2018-10-23,2147.81,164.86,38.249,65.602
2018-10-24,2144.4,164.86,38.239,65.678
2018-10-25,2142.69,165.84,38.771,65.451
2018-10-26,2082.77,163.4,37.774,64.959
2018-10-29,2103.72,164.38,37.813,64.372
2018-10-30,2122.73,159.51,38.142,67.212
2018-10-31,2151.88,163.89,38.655,70.051
2018-11-02,2197.68,165.36,39.101,71.964
2018-11-05,2233.74,164.86,40.194,74.898
2018-11-06,2230.34,165.84,39.778,74.785
2018-11-07,2276.65,165.84,40.737,74.406
2018-11-08,2262.84,165.84,40.804,74.444
2018-11-09,2232.25,165.84,40.388,71.85
2018-11-13,2217.97,166.82,40.069,69.162
2018-11-14,2231.9,164.38,40.059,73.175
2018-11-15,2202.91,166.82,39.033,72.626
2018-11-16,2165.46,164.38,36.69,73.213
2018-11-19,2189.73,164.86,37.89,73.422
2018-11-20,2160.57,154.13,37.658,71.206
2018-11-21,2219.62,159.51,38.491,72.304
2018-11-22,2236.35,157.07,38.191,72.361
2018-11-23,2225.39,157.07,38.617,68.688
2018-11-26,2213.57,155.59,38.452,63.709
2018-11-27,2222.85,155.59,38.81,61.532
2018-11-28,2264.51,155.59,39.546,62.27
2018-11-29,2303.37,157.55,40.369,63.52
2018-11-30,2291.08,153.16,39.604,62.1
2018-12-03,2329.37,153.64,40.243,64.94
2018-12-04,2344.91,156.08,40.62,67.401
2018-12-05,2354.54,156.08,40.466,67.817
2018-12-06,2294.34,156.08,39.323,64.996
2018-12-07,2281.54,156.57,38.752,64.959
2018-12-10,2242.1,155.59,38.239,62.478
2018-12-11,2221.37,154.13,37.193,62.535
2018-12-12,2275.15,151.2,38.771,62.762
2018-12-13,2310.66,156.08,39.207,63.046
2018-12-14,2303.41,151.2,39.556,63.387
2018-12-17,2281.87,149.25,39.623,62.876
2018-12-18,2315.18,146.82,40.272,64.163
2018-12-19,2342.81,147.31,40.262,64.864
2018-12-20,2306.68,146.33,39.314,63.69
2018-12-21,2259.77,145.35,37.978,62.706
2018-12-27,2251.38,145.35,38.142,62.687
2018-12-28,2276.63,148.28,38.21,63.671
2019-01-02,2301.62,146.33,39.207,63.52
2019-01-03,2247.22,146.33,38.307,62.365
2019-01-04,2284.95,146.33,39.159,64.258
2019-01-07,2331.45,146.82,39.594,64.637
2019-01-08,2325.19,147.31,39.401,64.031
2019-01-09,2341.84,146.33,39.13,63.217
2019-01-10,2335.31,146.33,38.336,62.611
2019-01-11,2335.1,149.25,38.229,62.384
2019-01-14,2327.66,152.19,38.239,61.778
2019-01-15,2344.56,148.77,38.626,62.554
2019-01-16,2364.17,149.25,38.578,61.096
2019-01-17,2358.97,150.23,38.529,61.854
2019-01-18,2377.87,153.16,39.284,63.898
2019-01-21,2358.3,151.69,39.207,62.952
2019-01-22,2359.23,151.69,39.11,62.762
2019-01-23,2407.09,151.69,39.875,62.478
2019-01-24,2406.38,151.2,40.272,62.952
2019-01-25,2398.74,151.69,39.139,64.182
2019-01-28,2370.62,155.59,38.2,64.05
2019-01-29,2373.3,151.69,38.578,63.425
2019-01-30,2357.79,150.23,37.726,62.573
2019-01-31,2380.11,151.2,38.249,64.656
2019-02-01,2393.43,151.69,38.51,65.886
2019-02-04,2390.46,156.08,38.249,66.454
2019-02-05,2409.32,159.98,38.684,66.625
2019-02-06,2414.41,157.07,39.013,65.186
2019-02-07,2371.33,155.11,38.229,63.52
2019-02-08,2354.11,158.03,37.619,62.952
2019-02-11,2354.28,155.11,38.113,61.854
2019-02-12,2370.99,158.03,38.549,61.57
2019-02-13,2346.39,157.55,38.026,59.752
2019-02-14,2319.92,158.03,37.61,59.07
2019-02-15,2338.2,160.47,38.152,59.657
2019-02-18,2325.67,160.96,37.707,57.556
2019-02-19,2322.41,161.45,37.648,56.761
2019-02-20,2369.7,146.33,38.481,58.502
2019-02-21,2339.85,146.33,37.658,58.086
2019-02-22,2355.77,145.84,37.726,58.313
2019-02-25,2371.69,144.38,37.464,57.329
2019-02-26,2365.93,149.75,37.29,57.234
2019-02-27,2333.81,151.69,37.058,56.609
2019-02-28,2332.23,150.23,36.826,54.527
2019-03-01,2333.11,150.72,36.787,55.095
2019-03-04,2328.05,158.52,37.416,54.773
2019-03-05,2321.32,167.3,36.903,53.372
2019-03-06,2327.16,167.8,36.961,52.879
2019-03-07,2308.48,169.74,36.729,53.769
2019-03-08,2298.97,172.18,37.019,52.766
2019-03-11,2300.22,171.2,36.971,53.239
2019-03-12,2310.1,170.24,36.835,54.905
2019-03-13,2314.79,171.7,37.029,57.272
2019-03-14,2319.28,175.59,37.271,55.397
2019-03-15,2346.25,182.43,37.939,55.511
2019-03-18,2345.84,180.47,37.532,58.124
2019-03-19,2352.42,178.52,37.726,58.881
2019-03-20,2351.83,176.58,38.326,58.446
2019-03-21,2359.02,170.71,38.433,58.692
2019-03-22,2319.1,174.62,37.464,59.165
2019-03-25,2312.79,172.18,37.474,58.2
2019-03-26,2324.91,172.18,37.997,58.408
2019-03-27,2315.17,173.64,37.658,58.408
2019-03-28,2313.77,178.52,37.445,57.158
2019-03-29,2312.09,180.96,37.348,57.745
2019-04-01,2340.74,182.43,37.629,58.739
2019-04-02,2371.14,182.91,37.755,59.544
2019-04-03,2407.63,186.81,38.384,60.964
2019-04-04,2388.59,184.87,39.217,58.644
2019-04-05,2351.08,182.91,38.345,57.272
2019-04-08,2359.52,184.37,38.481,57.603
2019-04-09,2367.84,182.43,38.394,56.704
2019-04-10,2391.8,182.43,38.51,57.366
2019-04-11,2374.97,176.08,38.326,56.704
2019-04-12,2366.71,177.05,38.287,56.183
2019-04-15,2358.19,176.58,38.2,55.663
2019-04-16,2372.18,176.58,38.617,55.899
2019-04-17,2378.31,180.47,38.413,56.94
2019-04-18,2365.36,181.45,37.978,55.615
2019-04-23,2370.63,182.91,38.423,56.846
2019-04-24,2372.33,184.37,38.491,56.467
2019-04-25,2358.76,183.89,38.22,56.893
2019-04-26,2372.25,182.43,38.723,56.183
2019-04-29,2368.08,185.35,38.878,55.757
2019-04-30,2334.21,182.43,37.987,54.953
2019-05-02,2319.08,182.43,38.007,53.438
2019-05-06,2290.13,183.39,37.561,53.059
2019-05-07,2233.8,181.93,36.593,49.604
2019-05-08,2221.82,182.43,36.574,47.2
2019-05-09,2179.4,181.45,36.08,44.681
2019-05-10,2191.91,182.43,36.525,47.332
2019-05-13,2172.97,178.52,36.651,46.613
2019-05-14,2163.94,182.43,36.458,46.291
2019-05-15,2169.18,184.37,35.983,46.65
2019-05-16,2188.43,184.37,36.738,46.878
2019-05-17,2184.35,183.89,36.4,50.551
2019-05-20,2175.51,186.33,36.4,50.645
2019-05-21,2190.93,189.74,36.303,51.545
2019-05-22,2214.36,192.18,36.496,50.929
2019-05-23,2173.09,189.74,36.535,48.61
2019-05-24,2188.2,190.71,36.593,49.509
2019-05-27,2189.66,194.12,36.555,48.752
2019-05-28,2192.87,191.21,36.506,46.385
2019-05-29,2187.45,190.71,36.826,46.632
2019-05-30,2221.56,189.25,37.242,47.521
2019-05-31,2239.31,189.25,38.045,47.521
2019-06-03,2237.71,187.78,38.22,50.125
2019-06-04,2233.75,186.33,38.239,48.563
2019-06-05,2223.27,183.39,38.258,48.184
2019-06-06,2260.94,181.45,40.175,46.329
2019-06-07,2280.6,178.52,40.698,46.972
2019-06-10,2282.51,179.49,40.562,46.139
2019-06-11,2295.6,181.45,41.366,43.356
2019-06-12,2282.8,180.96,40.814,41.463
2019-06-13,2300.2,177.05,41.492,41.482
2019-06-14,2286.46,173.64,40.891,42.126
2019-06-17,2276.6,176.58,40.611,42.144
2019-06-18,2325.16,179.49,41.763,43.11
2019-06-19,2319.71,177.55,41.647,42.163
2019-06-21,2308.32,182.43,41.792,40.478
2019-06-24,2331.08,181.45,41.772,41.766
2019-06-25,2303.31,181.45,40.853,41.501
2019-06-26,2317.17,179.99,41.221,42.315
2019-06-27,2335.13,179.01,41.588,45.363
2019-06-28,2327.67,183.89,41.453,44.681
2019-07-01,2329.74,183.39,41.443,43.375
2019-07-02,2341.09,183.89,41.656,44.492
2019-07-03,2345.56,183.39,40.669,43.356
2019-07-04,2356.49,183.89,40.998,43.167
2019-07-05,2342.01,179.96,40.562,41.993
2019-07-08,2339.07,180.94,40.514,41.425
2019-07-09,2312.63,177.0,40.466,42.485
2019-07-10,2312.77,170.13,40.272,43.299
2019-07-11,2316.95,168.16,40.282,42.788
2019-07-12,2315.36,163.24,40.02,42.618
2019-07-15,2324.21,163.74,40.282,42.864
2019-07-16,2321.52,169.14,40.272,41.823
2019-07-17,2306.67,173.07,40.349,40.592
2019-07-18,2321.41,175.04,41.075,40.308
2019-07-19,2344.03,175.04,41.288,40.952
2019-07-22,2342.51,176.52,41.192,40.081
2019-07-23,2335.86,173.07,41.24,39.683
2019-07-24,2335.41,175.53,40.921,39.286
2019-07-25,2310.31,176.02,40.843,40.327
2019-07-26,2305.79,178.98,40.785,40.422
2019-07-29,2285.93,176.02,40.33,39.039
2019-07-30,2263.92,171.1,39.93,38.017
2019-07-31,2277.37,173.07,40.87,37.033
2019-08-01,2240.78,171.6,39.34,35.215
2019-08-02,2216.51,170.13,39.2,34.003
2019-08-05,2164.14,173.07,38.7,33.076
2019-08-06,2156.23,172.58,38.38,32.432
2019-08-07,2138.23,172.09,38.47,32.167
2019-08-08,2158.88,172.58,39.42,33.871
2019-08-09,2127.61,170.13,38.87,33.852
2019-08-12,2109.73,161.77,38.9,31.315
2019-08-13,2140.19,176.02,39.42,34.742
2019-08-14,2078.39,171.1,38.24,32.091
2019-08-16,2064.12,172.09,38.91,31.845
2019-08-19,2102.23,169.14,39.44,33.095
2019-08-20,2110.11,170.61,39.7,32.243
2019-08-21,2105.88,169.14,39.9,31.561
2019-08-22,2108.05,168.16,40.1,30.614
2019-08-23,2103.68,173.07,39.54,30.16
2019-08-26,2098.41,175.53,39.25,29.38
2019-08-27,2095.45,177.99,39.17,28.52
2019-08-28,2051.44,172.58,36.95,27.7
2019-08-29,2069.33,171.6,37.5,28.88
2019-08-30,2135.25,176.02,39.15,29.72
2019-09-02,2144.48,176.02,39.28,29.14
2019-09-03,2107.16,172.58,38.4,27.68
2019-09-04,2102.73,176.52,38.58,26.5
2019-09-05,2106.89,177.0,39.01,28.32
2019-09-06,2122.6,176.52,39.58,28.38
2019-09-09,2174.41,177.0,41.17,28.2
2019-09-10,2187.8,174.06,41.4,28.06
2019-09-11,2189.21,176.02,41.18,28.04
2019-09-12,2189.07,176.02,40.94,28.1
2019-09-13,2200.95,176.02,41.2,28.02
2019-09-16,2217.84,178.98,41.75,28.86
2019-09-17,2192.71,181.92,41.1,28.4
2019-09-18,2205.02,181.92,41.27,27.96
2019-09-19,2191.61,186.84,40.84,26.4
2019-09-20,2171.75,179.96,39.84,26.0
2019-09-23,2147.32,176.52,38.7,24.08
2019-09-24,2175.24,179.96,39.72,23.76
2019-09-25,2159.68,175.04,39.45,23.26
2019-09-26,2172.47,170.61,39.43,22.66
2019-09-27,2186.31,170.61,40.04,22.98
2019-09-30,2173.29,171.6,39.32,21.78
2019-10-01,2152.5,174.06,38.85,21.46
2019-10-02,2098.28,171.6,37.39,20.26
2019-10-03,2099.3,171.1,37.16,20.1
2019-10-04,2121.16,171.6,37.74,20.66
2019-10-07,2121.87,171.6,37.61,20.08
2019-10-08,2131.83,171.6,37.21,19.13
2019-10-09,2134.37,170.13,37.3,20.0
2019-10-10,2122.99,171.1,37.23,21.24
2019-10-11,2159.91,171.1,37.96,23.4
2019-10-14,2148.53,172.09,36.7,21.5
2019-10-15,2154.8,171.6,36.68,20.7
2019-10-16,2156.06,171.6,37.11,20.5
2019-10-17,2173.75,171.1,37.86,19.8
2019-10-18,2164.75,168.64,37.64,19.03
2019-10-21,2183.25,168.16,38.09,22.14
2019-10-22,2212.15,168.16,38.6,20.74
2019-10-23,2208.54,173.07,38.53,20.02
2019-10-24,2208.36,173.07,39.07,20.2
2019-10-25,2175.27,170.13,38.16,20.64
2019-10-28,2211.8,173.07,38.57,20.12
2019-10-29,2227.93,171.1,39.0,20.38
2019-10-30,2227.38,171.1,38.82,19.85
2019-10-31,2194.1,172.58,38.12,19.36
2019-11-04,2264.06,176.52,39.45,20.56
2019-11-05,2272.45,175.53,39.87,21.42
2019-11-06,2255.34,174.55,39.15,21.8
2019-11-07,2272.17,173.56,39.01,21.06
2019-11-08,2255.46,173.07,39.0,20.8
2019-11-12,2248.81,174.55,39.34,20.0
2019-11-13,2235.52,173.07,39.21,19.97
2019-11-14,2226.15,171.6,38.44,20.58
2019-11-15,2233.87,170.61,38.21,20.28
2019-11-18,2229.92,181.92,37.88,20.36
2019-11-19,2207.25,188.81,37.72,20.56
2019-11-20,2194.58,187.82,37.83,20.44
2019-11-21,2179.53,186.35,38.1,20.88
2019-11-22,2188.24,186.35,38.62,20.86
2019-11-25,2197.54,193.23,38.75,20.22
2019-11-26,2190.58,189.79,37.95,21.0
2019-11-27,2181.33,192.74,37.86,20.8
2019-11-28,2169.09,194.21,36.75,20.7
2019-11-29,2158.94,189.79,36.14,20.9
2019-12-02,2122.3,189.79,36.0,20.44
2019-12-03,2089.92,188.81,35.7,19.6
2019-12-04,2081.89,194.21,34.99,18.8
2019-12-05,2092.12,191.76,34.77,18.87
2019-12-06,2073.11,187.82,34.03,19.63
2019-12-09,2066.55,184.88,33.79,20.52
2019-12-10,2054.11,184.88,33.71,20.48
2019-12-11,2047.34,182.91,33.47,20.36
2019-12-12,2102.19,179.46,34.39,20.76
2019-12-13,2106.51,182.91,34.22,20.56
2019-12-16,2112.93,190.77,34.83,20.6
2019-12-17,2132.25,194.71,35.19,20.56
2019-12-18,2131.85,190.77,35.27,20.2
2019-12-19,2133.72,185.85,35.0,20.0
2019-12-20,2128.04,184.38,34.76,19.81
2019-12-23,2142.54,182.91,34.67,20.02
2019-12-27,2151.74,181.92,34.54,20.6
2019-12-30,2150.09,183.89,34.46,21.38
2020-01-02,2200.1,190.77,35.47,24.24
2020-01-03,2173.97,192.25,34.75,23.28
2020-01-07,2145.01,206.51,34.43,24.22
2020-01-08,2115.99,204.55,34.07,21.88
2020-01-09,2157.61,201.59,34.75,22.44
2020-01-10,2167.91,208.48,34.74,22.54
2020-01-13,2194.42,209.46,35.41,22.7
2020-01-14,2182.96,205.52,35.44,23.64
2020-01-15,2165.08,204.55,34.81,23.58
2020-01-16,2173.74,203.56,34.88,23.1
2020-01-17,2175.95,201.59,35.0,22.68
2020-01-20,2178.06,206.51,35.05,21.64
2020-01-21,2158.04,203.56,34.98,21.14
2020-01-22,2146.56,201.59,34.48,20.94
2020-01-23,2148.41,198.64,35.26,20.56
2020-01-24,2154.28,199.63,35.72,20.54
2020-01-27,2083.79,197.66,34.46,19.2
2020-01-28,2098.04,201.59,34.9,20.14
2020-01-29,2098.18,203.56,34.9,19.99
2020-01-30,2079.98,201.59,34.7,19.25
2020-01-31,2065.9,201.59,34.21,18.8
2020-02-03,2072.88,203.56,34.66,19.71
2020-02-04,2106.63,203.56,36.0,19.78
2020-02-05,2122.91,203.56,35.66,19.24
2020-02-06,2111.76,202.58,35.77,18.89
2020-02-07,2110.2,201.59,35.95,18.79
2020-02-10,2092.89,204.55,35.29,18.2
2020-02-11,2107.4,208.48,35.17,18.35
2020-02-12,2126.31,204.55,36.5,18.84
2020-02-13,2120.07,203.56,35.86,18.02
2020-02-14,2115.29,199.63,35.79,17.88
2020-02-17,2121.14,199.63,35.55,18.3
2020-02-18,2113.49,197.66,35.15,17.85
2020-02-19,2115.18,197.66,35.13,17.18
2020-02-20,2099.88,199.63,34.8,16.01
2020-02-21,2088.53,202.58,34.41,16.01
2020-02-24,2000.9,197.66,33.0,14.75
2020-02-25,1945.71,194.21,32.05,14.31
2020-02-26,1933.51,196.18,32.28,14.3
2020-02-27,1850.61,192.74,31.96,13.11
2020-02-28,1768.91,184.88,31.29,13.53
2020-03-02,1807.7,180.45,32.35,14.19
2020-03-03,1889.67,186.35,33.1,15.15
2020-03-04,1860.95,184.88,32.56,14.54
2020-03-05,1822.85,179.46,31.64,14.15
2020-03-06,1764.81,180.94,30.62,13.85
2020-03-09,1625.99,171.6,27.72,12.5
2020-03-10,1599.48,170.13,27.92,12.08
2020-03-11,1505.64,167.17,26.63,10.85
2020-03-12,1305.73,147.01,23.18,9.13
2020-03-13,1365.97,156.36,23.5,10.0
2020-03-16,1341.54,147.5,21.5,11.5
2020-03-17,1429.28,160.29,22.1,13.98
2020-03-18,1401.29,157.83,21.0,13.25
2020-03-19,1469.43,168.16,21.89,14.0
2020-03-20,1488.42,168.16,23.06,13.61
2020-03-23,1405.45,177.0,21.45,12.5
2020-03-24,1451.02,175.04,22.31,13.0
2020-03-25,1441.83,177.99,21.84,12.84
2020-03-26,1492.01,175.04,23.46,12.85
2020-03-27,1475.9,177.0,22.75,12.75
2020-03-30,1477.65,170.13,22.51,12.45
2020-03-31,1512.84,182.91,22.62,12.44
2020-04-01,1482.42,177.0,22.2,11.65
2020-04-02,1491.55,175.04,21.83,12.03
2020-04-03,1506.48,174.06,21.85,11.965
2020-04-06,1581.05,183.89,22.68,12.8
2020-04-07,1603.5,184.88,23.41,12.55
2020-04-08,1579.18,185.85,21.91,12.86
2020-04-09,1615.72,193.73,22.68,13.09
2020-04-14,1662.4,196.18,23.2,14.52
2020-04-15,1606.21,195.69,22.14,13.81
2020-04-16,1597.9,193.73,22.04,13.62
2020-04-17,1625.59,196.67,21.93,13.62
2020-04-20,1640.06,199.63,22.13,13.3
2020-04-21,1573.44,195.69,21.07,12.52
2020-04-22,1605.12,199.63,21.22,12.98
2020-04-23,1626.1,202.58,21.26,13.97
2020-04-24,1601.91,203.56,20.82,13.35
2020-04-27,1591.97,206.51,20.1,13.05
2020-04-28,1594.25,203.56,20.24,13.04
2020-04-29,1651.33,208.48,21.94,13.72
2020-04-30,1648.68,203.56,22.01,13.69
2020-05-04,1600.65,201.59,21.58,13.31
2020-05-05,1598.84,210.44,21.01,13.3
2020-05-06,1567.98,205.52,20.6,12.525
2020-05-07,1587.35,208.48,21.0,12.535
2020-05-08,1606.5,206.51,21.06,12.66
2020-05-11,1587.31,205.52,20.65,12.47
2020-05-12,1622.51,206.51,21.42,12.885
2020-05-13,1614.32,200.6,21.3,13.115
2020-05-14,1579.16,198.64,20.75,12.61
2020-05-15,1572.55,198.64,20.67,12.955
2020-05-18,1639.08,200.6,21.55,13.41
2020-05-19,1640.18,199.63,21.6,13.6
2020-05-20,1652.64,196.18,21.64,13.895
2020-05-21,1637.84,199.63,21.2,14.05
2020-05-22,1630.44,199.63,21.15,13.025
2020-05-25,1644.74,202.58,21.25,13.62
2020-05-26,1709.71,201.59,22.54,14.3
2020-05-27,1707.59,201.59,23.15,15.38
2020-05-28,1718.45,201.59,22.3,15.335
2020-05-29,1722.65,200.6,22.3,16.535
2020-06-01,1733.52,201.59,22.45,17.5
2020-06-02,1736.36,201.59,22.06,18.0
2020-06-03,1766.85,196.67,22.55,19.065
2020-06-04,1786.58,196.67,22.66,19.84
2020-06-05,1842.47,202.58,23.57,21.14
2020-06-08,1841.25,197.66,24.48,19.2
2020-06-09,1835.59,196.67,24.24,20.06
2020-06-10,1841.18,201.59,23.42,20.1
2020-06-12,1788.83,199.63,22.57,19.38
2020-06-15,1741.47,195.2,21.76,19.04
2020-06-16,1798.0,196.67,23.23,19.8
2020-06-17,1787.81,196.18,22.7,18.63
2020-06-18,1795.86,197.66,23.09,18.7
2020-06-19,1807.85,196.67,23.0,19.11
2020-06-22,1797.05,196.18,22.5,19.82
2020-06-23,1825.99,198.64,23.6,19.8
2020-06-24,1784.23,198.64,22.81,19.2
2020-06-25,1793.36,200.6,22.82,19.185
2020-06-26,1759.43,201.59,22.37,18.405
2020-06-29,1769.47,204.55,22.7,18.8
2020-06-30,1758.82,206.51,22.92,18.7
2020-07-01,1772.38,213.39,23.04,18.64
2020-07-02,1804.01,214.37,23.49,18.82
2020-07-03,1800.96,211.41,23.27,18.84
2020-07-06,1818.55,217.34,23.58,19.92
2020-07-07,1800.93,211.41,23.33,20.1
2020-07-08,1788.22,207.46,23.32,20.19
2020-07-09,1791.68,208.45,23.29,19.52
2020-07-10,1797.27,200.54,23.55,19.63
2020-07-13,1801.64,203.51,23.71,20.38
2020-07-14,1771.7,199.56,23.51,19.4
2020-07-15,1794.78,202.52,24.08,19.9
2020-07-16,1799.08,203.51,23.9,19.5
2020-07-17,1796.04,215.36,23.4,19.41
2020-07-20,1840.6,213.39,23.8,19.8
2020-07-21,1845.34,219.31,24.04,19.84
2020-07-22,1830.61,210.42,23.37,20.0
2020-07-23,1820.25,217.34,23.26,19.41
2020-07-24,1810.33,212.4,23.1,19.3
2020-07-27,1830.87,215.36,22.62,19.1
2020-07-28,1823.52,211.41,22.8,18.5
2020-07-29,1824.53,213.39,22.54,16.75
2020-07-30,1763.22,213.39,21.7,15.36
2020-07-31,1767.54,215.36,21.75,16.495
2020-08-03,1804.38,209.44,21.85,17.395
2020-08-04,1811.46,207.46,22.25,16.89
2020-08-05,1833.2,211.41,22.25,17.1
2020-08-06,1818.64,213.39,21.84,16.39
2020-08-07,1817.23,204.5,21.63,16.02
2020-08-10,1823.15,208.45,21.9,16.3
2020-08-11,1847.73,210.42,23.14,16.72
2020-08-12,1855.86,211.41,23.36,16.37
2020-08-13,1858.35,211.41,23.12,16.3
2020-08-14,1856.56,212.4,23.2,16.2
2020-08-17,1862.12,222.28,23.15,16.64
2020-08-18,1840.33,223.27,22.87,16.345
2020-08-19,1833.22,221.29,22.33,15.53
2020-08-20,1815.03,220.3,22.01,15.1
2020-08-21,1820.6,222.28,22.1,15.32
2020-08-24,1841.46,218.33,22.4,16.485
2020-08-25,1821.29,218.33,22.02,15.39
2020-08-26,1848.35,215.36,22.29,15.44
2020-08-27,1846.5,218.33,22.04,15.44
2020-08-28,1829.79,219.31,22.05,15.26
2020-08-31,1800.21,211.41,21.57,15.705
2020-09-01,1772.61,211.41,21.1,15.18
2020-09-02,1785.44,219.31,21.3,15.37
2020-09-03,1769.19,213.39,21.23,15.45
2020-09-04,1758.11,208.45,21.01,16.2
2020-09-07,1772.85,212.4,21.06,21.7
2020-09-08,1733.88,208.45,20.82,20.14
2020-09-09,1773.37,209.44,21.24,20.2
2020-09-10,1764.86,210.42,21.37,21.31
2020-09-11,1772.89,211.41,21.6,23.15
2020-09-14,1758.65,212.4,21.91,23.9
2020-09-15,1743.93,212.4,21.98,25.4
2020-09-16,1738.1,212.4,21.72,28.32
2020-09-17,1745.73,211.41,21.97,27.83
2020-09-18,1731.76,203.51,21.41,28.02
2020-09-21,1682.26,202.52,20.36,24.71
2020-09-22,1693.09,198.57,20.5,25.0
2020-09-23,1685.4,200.54,20.0,23.21
2020-09-24,1665.96,197.58,20.12,23.55
2020-09-25,1674.14,196.59,19.92,24.32
2020-09-28,1738.44,201.53,20.99,27.31
2020-09-29,1718.21,213.39,20.96,25.55
2020-09-30,1712.73,211.41,21.21,25.65
2020-10-01,1694.18,199.56,21.09,25.0
2020-10-02,1697.39,202.52,21.32,24.21
2020-10-05,1731.85,206.47,21.92,26.56
2020-10-06,1735.45,205.48,22.73,26.24
2020-10-07,1736.61,205.48,22.84,26.31
2020-10-08,1719.91,201.53,22.44,24.72
2020-10-09,1698.91,198.57,22.25,24.48
2020-10-12,1683.21,197.58,22.05,24.82
2020-10-13,1660.12,200.54,21.49,24.0
2020-10-14,1670.26,197.09,21.58,24.01
2020-10-15,1627.59,194.12,20.76,21.84
2020-10-16,1655.36,194.62,21.01,22.2
2020-10-19,1648.11,194.62,20.57,21.4
2020-10-20,1656.34,195.11,20.58,20.21
2020-10-21,1641.42,196.59,20.18,20.27
2020-10-22,1642.7,197.58,20.4,19.51
2020-10-23,1645.32,197.58,20.97,20.28
2020-10-26,1631.66,197.09,20.85,18.845
2020-10-27,1625.54,197.09,20.77,18.4
2020-10-28,1549.74,188.69,19.38,16.005
2020-10-29,1542.76,194.12,18.9,15.56
2020-10-30,1515.97,190.67,18.955,15.19
2020-11-02,1556.14,195.6,19.68,17.1
2020-11-03,1636.28,196.59,20.97,19.145
2020-11-04,1640.94,195.6,20.44,18.2
2020-11-05,1670.43,195.6,20.94,18.33
2020-11-06,1697.49,197.58,21.0,17.78
2020-11-09,1765.71,202.52,22.79,19.6
2020-11-10,1779.34,200.54,24.2,18.775
2020-11-12,1771.49,202.52,24.86,19.775
2020-11-13,1749.41,199.56,25.15,19.03
2020-11-16,1799.02,202.52,26.81,19.705
2020-11-17,1793.56,196.1,26.89,22.56
2020-11-18,1810.43,194.62,27.23,21.34
2020-11-19,1789.79,193.14,26.76,20.03
2020-11-20,1820.85,192.15,26.83,20.8
2020-11-23,1832.04,191.65,27.85,21.2
2020-11-24,1859.42,191.65,28.1,22.77
2020-11-25,1860.15,189.68,27.86,23.41
2020-11-26,1849.57,192.64,28.04,24.9
2020-11-27,1852.69,195.11,27.98,23.71
2020-11-30,1830.04,190.17,26.4,24.47
2020-12-01,1853.38,191.65,26.56,23.6
2020-12-02,1897.97,195.6,27.26,24.3
2020-12-03,1890.11,196.59,27.5,25.59
2020-12-04,1947.68,196.59,28.0,25.95
2020-12-07,1958.53,193.63,28.34,25.53
2020-12-08,1970.27,192.64,28.33,25.55
2020-12-09,1994.12,195.11,29.15,27.2
2020-12-10,1984.0,191.16,28.66,27.0
2020-12-11,1950.85,192.64,28.85,27.8
2020-12-14,1939.07,190.67,28.47,26.1
2020-12-15,1955.69,190.17,28.69,27.1
2020-12-16,1985.26,196.1,29.51,27.21
2020-12-17,1975.76,193.14,28.47,25.93
2020-12-18,1952.54,183.75,28.18,25.96
2020-12-21,1888.8,191.16,27.66,25.17
2020-12-22,1928.4,190.67,28.56,25.17
2020-12-23,1955.84,192.64,28.73,25.8
2020-12-28,2004.41,195.6,29.7,25.96
2020-12-29,2016.01,190.67,29.83,26.09
2020-12-30,1983.98,192.15,28.72,25.95
2021-01-04,2008.75,192.64,29.1,27.07
2021-01-05,2009.12,191.65,29.58,26.02
2021-01-07,2074.11,191.65,31.78,26.88
2021-01-08,2072.74,191.65,32.65,26.7
2021-01-11,2066.97,191.65,32.75,26.08
2021-01-12,2043.73,192.15,32.0,26.13
2021-01-13,2023.36,192.64,32.0,25.8
2021-01-14,2031.71,191.65,31.31,26.79
2021-01-15,1985.68,190.67,30.62,28.3
2021-01-18,2023.74,189.18,30.81,33.63
2021-01-19,1980.12,190.67,30.24,33.1
2021-01-20,1986.09,191.65,30.47,35.0
2021-01-21,1953.49,191.65,29.95,31.32
2021-01-22,1952.67,191.16,29.67,32.05
2021-01-25,1945.78,188.69,29.27,31.59
2021-01-26,1981.98,190.67,29.44,33.26
2021-01-27,1929.21,190.17,28.75,31.13
2021-01-28,1987.83,196.1,29.13,32.4
2021-01-29,1948.01,194.12,28.88,31.81
2021-02-01,1967.72,192.64,29.15,34.9
2021-02-02,1954.02,192.64,29.55,34.8
2021-02-03,1940.69,192.64,28.91,33.81
2021-02-04,1927.02,192.64,28.18,33.43
2021-02-05,1957.73,191.65,28.6,35.05
2021-02-08,1952.1,191.65,28.17,39.59
2021-02-09,1941.6,191.65,28.08,39.41
2021-02-10,1917.54,193.63,27.6,40.18
2021-02-11,1954.92,195.6,28.23,39.7
2021-02-12,1937.07,194.62,28.08,38.43
2021-02-15,1974.82,195.6,29.4,41.0
2021-02-16,2004.54,193.14,31.3,39.3
2021-02-17,1986.8,192.64,31.2,40.16
2021-02-18,1980.77,192.64,30.6,39.71
2021-02-19,1985.31,192.15,30.66,39.85
2021-02-22,1961.62,189.18,30.36,38.6
2021-02-23,1922.59,189.18,29.61,36.96
2021-02-24,1937.9,190.67,29.76,36.97
2021-02-25,1936.47,187.7,30.57,35.46
2021-02-26,1907.28,187.21,30.14,35.28
2021-03-01,1949.57,184.74,31.22,34.5
2021-03-02,1959.52,202.52,30.76,35.0
2021-03-03,1943.24,201.53,30.94,35.17
2021-03-04,1944.86,199.56,30.95,35.64
2021-03-05,1939.59,200.54,31.09,34.3
2021-03-08,1965.25,199.56,31.84,33.96
2021-03-09,1994.18,197.58,32.34,34.63
2021-03-10,2003.55,196.59,32.71,33.7
2021-03-11,1994.38,200.54,31.74,34.2
2021-03-12,2006.11,207.46,32.13,34.0
2021-03-15,2001.24,209.44,32.22,32.91
2021-03-16,1981.41,206.47,31.5,31.13
2021-03-17,1939.01,198.57,30.88,32.35
2021-03-18,1960.75,207.46,31.83,31.84
2021-03-19,1927.56,205.48,31.05,30.16
2021-03-22,1929.12,204.5,31.54,33.0
2021-03-23,1923.55,206.47,32.8,30.81
2021-03-24,1899.95,208.45,32.59,28.3
2021-03-25,1876.85,210.42,32.31,28.41
2021-03-26,1918.71,211.41,32.52,30.3
2021-03-29,1953.02,216.35,32.65,30.08
2021-03-30,1942.32,220.3,32.59,29.26
2021-03-31,1938.84,219.31,32.73,29.58
2021-04-01,1954.38,220.3,32.59,31.06
2021-04-06,2012.87,221.29,33.19,33.99
2021-04-07,1998.73,221.29,32.83,32.96
2021-04-08,1980.32,221.29,32.51,31.88
2021-04-09,1975.11,221.29,32.22,32.6
2021-04-12,1982.58,221.29,32.5,31.95
2021-04-13,1974.73,218.33,32.17,31.58
2021-04-14,2011.96,221.29,32.83,32.2
2021-04-15,2019.29,222.28,33.09,32.62
2021-04-16,2012.27,226.23,33.15,32.5
2021-04-19,1998.99,230.18,32.87,33.03
2021-04-20,1987.76,225.24,33.03,32.0
2021-04-21,1982.4,224.25,33.29,30.9
2021-04-22,1989.73,226.23,32.91,31.07
2021-04-23,1986.63,229.19,32.7,30.36
2021-04-26,2005.1,225.24,32.76,30.85
2021-04-27,1998.92,227.22,32.85,30.29
2021-04-28,2029.64,232.16,33.51,31.06
2021-04-29,2050.69,228.21,35.54,31.1
2021-04-30,2037.59,229.19,35.27,30.3
2021-05-04,2004.04,225.24,34.02,29.0
2021-05-05,2047.36,227.22,34.66,29.46
2021-05-06,2046.67,227.22,34.64,30.87
2021-05-07,2097.31,225.24,35.82,32.22
2021-05-10,2115.7,226.23,37.17,30.54
2021-05-11,2110.48,227.22,34.5,31.33
2021-05-12,2091.39,224.25,33.75,30.96
2021-05-13,2089.32,219.31,34.11,30.95
2021-05-14,2092.8,221.29,34.44,30.9
2021-05-17,2128.49,214.37,35.33,31.45
2021-05-18,2136.54,223.27,35.25,31.89
2021-05-19,2115.15,226.23,35.31,32.0
2021-05-20,2131.18,218.33,35.61,31.29
2021-05-21,2139.06,219.31,37.0,31.94
2021-05-24,2134.18,228.21,37.04,34.5
2021-05-25,2153.78,227.22,38.12,33.86
2021-05-26,2164.89,231.17,38.1,35.09
2021-05-27,2207.47,236.11,39.29,36.3
2021-05-28,2236.31,239.07,39.8,36.31
2021-05-31,2233.36,236.11,40.67,36.49
2021-06-01,2233.37,233.15,39.95,34.8
2021-06-02,2252.26,228.21,40.09,34.85
2021-06-04,2254.59,230.18,40.4,35.6
2021-06-07,2246.63,236.11,39.7,37.29
2021-06-08,2237.61,237.1,39.64,36.3
2021-06-09,2218.45,249.94,39.14,35.0
2021-06-10,2236.89,246.98,40.13,34.81
2021-06-11,2224.67,256.85,39.86,35.52
2021-06-14,2253.2,261.79,40.5,35.3
2021-06-15,2230.37,252.9,40.3,35.52
2021-06-16,2225.27,250.93,40.46,34.9
2021-06-17,2211.58,243.02,40.35,33.57
2021-06-18,2220.68,233.15,40.5,32.78
2021-06-21,2219.45,239.07,40.48,33.27
2021-06-22,2220.53,243.02,40.36,33.49
2021-06-23,2233.7,249.94,40.13,34.88
2021-06-24,2273.11,253.89,41.26,35.39
2021-06-25,2282.46,248.95,40.78,35.39
2021-06-28,2285.81,249.94,40.92,35.01
2021-06-29,2258.24,250.93,39.96,35.16
2021-06-30,2218.41,248.95,37.83,35.22
2021-07-01,2250.58,244.01,38.59,35.54
2021-07-02,2252.18,245.0,38.01,35.4
2021-07-05,2258.82,242.0,38.2,36.69
2021-07-06,2228.46,251.0,37.29,36.86
2021-07-07,2285.79,251.0,37.97,36.59
2021-07-08,2234.6,245.0,36.98,35.7
2021-07-09,2251.78,243.0,37.46,36.5
2021-07-12,2255.48,255.0,36.66,35.39
2021-07-13,2264.26,251.0,36.95,34.72
2021-07-14,2268.57,243.0,37.0,35.21
2021-07-15,2260.49,236.0,37.29,34.98
2021-07-16,2258.1,242.0,37.22,34.27
2021-07-19,2205.86,240.0,36.7,32.5
2021-07-20,2221.28,237.0,36.83,33.2
2021-07-21,2241.97,237.0,37.99,33.17
2021-07-22,2229.86,245.0,37.42,32.99
2021-07-23,2242.41,269.0,37.17,33.79
2021-07-26,2240.65,280.0,37.36,33.32
2021-07-27,2224.59,266.0,36.9,32.8
2021-07-28,2245.76,266.0,37.99,33.51
2021-07-29,2265.69,272.0,37.88,35.17
2021-07-30,2253.45,273.0,37.84,34.8
2021-08-02,2253.28,267.0,37.77,34.35
2021-08-03,2257.73,268.0,37.63,33.62
2021-08-04,2272.09,269.0,38.11,33.45
2021-08-05,2270.67,260.0,38.2,34.6
2021-08-06,2273.89,261.0,38.85,34.11
2021-08-09,2274.48,257.0,39.68,34.05
2021-08-10,2277.23,258.0,39.21,34.36
2021-08-11,2283.69,254.0,40.1,35.2
2021-08-12,2297.72,251.0,39.68,37.48
2021-08-13,2302.03,253.0,39.64,36.5
2021-08-16,2282.1,256.0,39.55,37.27
2021-08-17,2300.04,261.0,40.04,36.12
2021-08-18,2284.97,260.0,39.73,35.35
2021-08-19,2260.02,253.0,38.96,34.1
2021-08-20,2255.56,256.0,38.81,34.21
2021-08-23,2287.52,252.0,39.89,35.95
2021-08-24,2300.9,258.0,40.1,35.45
2021-08-25,2325.19,257.0,40.98,35.64
2021-08-26,2309.44,257.0,40.36,35.83
2021-08-27,2323.77,255.0,40.78,36.6
2021-08-30,2350.23,269.0,40.98,39.24
2021-08-31,2368.03,265.0,42.05,40.34
2021-09-01,2371.16,248.0,42.67,41.8
2021-09-02,2391.94,241.0,42.7,44.84
2021-09-03,2380.82,237.0,42.82,45.6
2021-09-06,2416.38,239.0,43.9,48.87
2021-09-07,2394.79,236.0,43.45,48.8
2021-09-08,2364.63,225.0,43.01,49.4
2021-09-09,2356.39,233.0,43.0,51.98
2021-09-10,2360.7,232.0,43.05,51.92
2021-09-13,2387.74,233.0,43.72,54.22
2021-09-14,2376.01,235.0,43.71,53.78
2021-09-15,2355.23,237.0,42.76,56.2
2021-09-16,2357.28,244.0,43.32,52.86
2021-09-17,2333.01,241.0,42.31,54.4
2021-09-20,2272.52,237.0,41.19,49.75
2021-09-21,2278.11,232.0,41.29,48.74
2021-09-22,2334.1,232.0,42.92,53.4
2021-09-23,2320.51,237.0,42.65,51.8
2021-09-24,2299.18,235.0,42.68,51.74
2021-09-27,2292.47,235.0,43.15,52.16
2021-09-28,2275.68,237.0,42.11,51.6
2021-09-29,2290.97,239.0,42.56,51.84
2021-09-30,2310.29,232.0,42.24,55.74
2021-10-01,2327.88,231.0,43.9,55.4
2021-10-04,2338.09,237.0,44.59,56.0
2021-10-05,2364.72,238.0,45.2,57.6
2021-10-06,2349.46,236.0,46.0,57.68
2021-10-07,2359.54,235.0,46.06,56.2
2021-10-08,2411.12,235.0,46.9,55.0
2021-10-11,2457.36,241.0,47.88,58.24
2021-10-12,2472.33,241.0,48.31,60.6
2021-10-13,2451.89,245.0,47.19,59.88
2021-10-14,2459.5,246.0,47.1,54.86
2021-10-15,2453.98,252.0,46.09,56.26
2021-10-18,2459.81,250.0,46.34,61.1
2021-10-19,2447.54,250.0,46.11,55.36
2021-10-20,2443.11,250.0,45.8,54.92
2021-10-21,2427.35,244.0,46.43,51.6
2021-10-22,2417.09,248.0,45.98,52.0
2021-10-25,2427.19,245.0,46.44,54.14
2021-10-26,2425.29,240.0,47.39,52.8
2021-10-27,2404.82,234.0,47.22,51.26
2021-10-28,2392.67,230.0,47.68,50.72
2021-10-29,2405.05,224.0,48.8,51.8
2021-11-02,2407.53,219.0,49.52,47.5
2021-11-03,2380.11,227.0,47.78,48.7
2021-11-04,2438.8,220.0,49.8,49.49
2021-11-05,2439.16,234.0,49.24,49.34
2021-11-08,2423.92,236.0,48.85,52.0
2021-11-09,2395.05,237.0,47.62,49.28
2021-11-10,2366.59,236.0,47.16,45.26
2021-11-12,2358.23,234.0,46.35,46.59
2021-11-15,2335.04,229.0,45.84,42.73
2021-11-16,2340.03,232.0,46.25,43.27
2021-11-17,2317.49,230.0,45.96,42.6
